replication,availability,failures,flight_aircraft_hours,flight_gap_aircraft_hours,STF,completion_rate,requested,started,completed,aborted,cancelled,aircraft_sorties,completed_aircraft_sorties,preparation_aircraft_hours,ready_aircraft_hours,all_completed
1,1.0,0,36.0,0.0,1.0,1.0,9,9,9,0,0,18,18,27.0,699.0,1
2,1.0,0,36.0,0.0,1.0,1.0,9,9,9,0,0,18,18,27.0,699.0,1
3,0.9968351084000212,1,34.096343143535194,1.9036568564648064,0.9471206428759776,0.8888888888888888,9,9,8,1,0,18,16,27.0,698.1691905140833,0
4,1.0,0,36.0,0.0,1.0,1.0,9,9,9,0,0,18,18,27.0,699.0,1
5,1.0,0,36.0,0.0,1.0,1.0,9,9,9,0,0,18,18,27.0,699.0,1
6,0.9959231496564287,1,33.50245494542541,2.497545054574587,0.9306237484840393,0.8888888888888888,9,9,8,1,0,18,16,27.0,697.975146357729,0
7,1.0,0,36.0,0.0,1.0,1.0,9,9,9,0,0,18,18,27.0,699.0,1
8,1.0,0,36.0,0.0,1.0,1.0,9,9,9,0,0,18,18,27.0,699.0,1
9,0.9984807613441836,1,33.442609485432996,2.557390514567004,0.928961374595361,0.8888888888888888,9,9,8,1,0,18,16,27.0,700.2447683159415,0
10,1.0,0,36.0,0.0,1.0,1.0,9,9,9,0,0,18,18,27.0,699.0,1
11,0.9993150129655446,1,32.84225271240743,3.1577472875925707,0.9122847975668731,0.8888888888888888,9,9,8,1,0,18,16,27.0,701.565918489823,0
12,0.9968038081646042,1,33.42232236640743,2.5776776335925717,0.9283978435113175,0.8888888888888888,9,9,8,1,0,18,16,27.0,698.8161678878107,0
13,1.0,0,36.0,0.0,1.0,1.0,9,9,9,0,0,18,18,27.0,699.0,1
14,1.0,0,36.0,0.0,1.0,1.0,9,9,9,0,0,18,18,27.0,699.0,1
15,1.0,0,36.0,0.0,1.0,1.0,9,9,9,0,0,18,18,27.0,699.0,1
16,1.0,0,36.0,0.0,1.0,1.0,9,9,9,0,0,18,18,27.0,699.0,1
17,1.0,0,36.0,0.0,1.0,1.0,9,9,9,0,0,18,18,27.0,699.0,1
18,1.0,0,36.0,0.0,1.0,1.0,9,9,9,0,0,18,18,27.0,699.0,1
19,1.0,0,36.0,0.0,1.0,1.0,9,9,9,0,0,18,18,27.0,699.0,1
20,1.0,0,36.0,0.0,1.0,1.0,9,9,9,0,0,18,18,27.0,699.0,1
21,1.0,0,36.0,0.0,1.0,1.0,9,9,9,0,0,18,18,27.0,699.0,1
22,0.9978852575398273,1,34.451961679875254,1.5480383201247463,0.9569989355520904,0.8888888888888888,9,9,8,1,0,18,16,27.0,698.7209008345355,0
23,1.0,0,36.0,0.0,1.0,1.0,9,9,9,0,0,18,18,27.0,699.0,1
24,0.998879125091402,1,35.03723917969222,0.9627608203077784,0.9732566438803395,0.8888888888888888,9,9,8,1,0,18,16,27.0,698.9943248992791,0
25,1.0,0,36.0,0.0,1.0,1.0,9,9,9,0,0,18,18,27.0,699.0,1
26,0.9924990464029307,3,29.62606760741035,6.373932392589651,0.8229463224280652,0.6666666666666666,9,9,6,3,0,18,12,27.0,698.8931084847218,0
27,0.998756462990479,1,33.103796863997346,2.8962031360026543,0.9195499128888152,0.8888888888888888,9,9,8,1,0,18,16,27.0,700.8217871597766,0
28,1.0,0,36.0,0.0,1.0,1.0,9,9,9,0,0,18,18,27.0,699.0,1
29,1.0,0,36.0,0.0,1.0,1.0,9,9,9,0,0,18,18,27.0,699.0,1
30,1.0,0,36.0,0.0,1.0,1.0,9,9,9,0,0,18,18,27.0,699.0,1
31,1.0,0,36.0,0.0,1.0,1.0,9,9,9,0,0,18,18,27.0,699.0,1
32,1.0,0,36.0,0.0,1.0,1.0,9,9,9,0,0,18,18,27.0,699.0,1
33,1.0,0,36.0,0.0,1.0,1.0,9,9,9,0,0,18,18,27.0,699.0,1
34,1.0,0,36.0,0.0,1.0,1.0,9,9,9,0,0,18,18,27.0,699.0,1
35,0.9996588091615436,1,35.49396347519068,0.5060365248093177,0.9859434298664078,0.8888888888888888,9,9,8,1,0,18,16,27.0,699.211247640383,0
36,0.9926393245061411,1,34.78610063162126,1.2138993683787405,0.9662805731005906,0.8888888888888888,9,9,8,1,0,18,16,27.0,693.8542757416847,0
37,0.9985873328341908,1,33.7477868998307,2.2522131001692998,0.9374385249952972,0.8888888888888888,9,9,8,1,0,18,16,27.0,700.0316686689101,0
38,1.0,0,36.0,0.0,1.0,1.0,9,9,9,0,0,18,18,27.0,699.0,1
39,1.0,0,36.0,0.0,1.0,1.0,9,9,9,0,0,18,18,27.0,699.0,1
40,1.0,0,36.0,0.0,1.0,1.0,9,9,9,0,0,18,18,27.0,699.0,1
41,0.9976243223477298,1,35.27349105670814,0.7265089432918614,0.9798191960196705,0.8888888888888888,9,9,8,1,0,18,16,27.0,697.6739234517304,0
42,1.0,0,36.0,0.0,1.0,1.0,9,9,9,0,0,18,18,27.0,699.0,1
43,1.0,0,36.0,0.0,1.0,1.0,9,9,9,0,0,18,18,27.0,699.0,1
44,1.0,0,36.0,0.0,1.0,1.0,9,9,9,0,0,18,18,27.0,699.0,1
45,0.9967035532499343,1,32.086500927770956,3.913499072229044,0.8912916924380822,0.8888888888888888,9,9,8,1,0,18,16,27.0,700.0653690801723,0
46,0.9994488656149864,1,32.28998294927476,3.7100170507252415,0.8969439708131878,0.8888888888888888,9,9,8,1,0,18,16,27.0,702.2338369420735,0
47,1.0,0,36.0,0.0,1.0,1.0,9,9,9,0,0,18,18,27.0,699.0,1
48,1.0,0,36.0,0.0,1.0,1.0,9,9,9,0,0,18,18,27.0,699.0,1
49,1.0,0,36.0,0.0,1.0,1.0,9,9,9,0,0,18,18,27.0,699.0,1
50,1.0,0,36.0,0.0,1.0,1.0,9,9,9,0,0,18,18,27.0,699.0,1
51,0.9978123068819186,1,32.946352536027135,3.0536474639728652,0.9151764593340871,0.8888888888888888,9,9,8,1,0,18,16,27.0,700.1634806099505,0
52,1.0,0,36.0,0.0,1.0,1.0,9,9,9,0,0,18,18,27.0,699.0,1
53,0.9978026805518702,1,34.68113524354702,1.3188647564529816,0.963364867876306,0.8888888888888888,9,9,8,1,0,18,16,27.0,698.4203807532688,0
54,1.0,0,36.0,0.0,1.0,1.0,9,9,9,0,0,18,18,27.0,699.0,1
55,0.9998071399765728,1,33.58793067322932,2.412069326770677,0.93299807425637,0.8888888888888888,9,9,8,1,0,18,16,27.0,701.2454382665295,0
56,0.9996082022632545,1,35.93560447726979,0.06439552273020865,0.9982112354797165,0.8888888888888888,9,9,8,1,0,18,16,27.0,698.7258822781821,0
57,1.0,0,36.0,0.0,1.0,1.0,9,9,9,0,0,18,18,27.0,699.0,1
58,0.99932640764293,1,32.23424459896097,3.76575540103903,0.8953956833044714,0.8888888888888888,9,9,8,1,0,18,16,27.0,702.1837716045306,0
59,0.9994114931237005,1,33.29091234970147,2.709087650298528,0.9247475652694853,0.8888888888888888,9,9,8,1,0,18,16,27.0,701.2006177091757,0
60,1.0,0,36.0,0.0,1.0,1.0,9,9,9,0,0,18,18,27.0,699.0,1
61,1.0,0,36.0,0.0,1.0,1.0,9,9,9,0,0,18,18,27.0,699.0,1
62,1.0,0,36.0,0.0,1.0,1.0,9,9,9,0,0,18,18,27.0,699.0,1
63,1.0,0,36.0,0.0,1.0,1.0,9,9,9,0,0,18,18,27.0,699.0,1
64,1.0,0,36.0,0.0,1.0,1.0,9,9,9,0,0,18,18,27.0,699.0,1
65,1.0,0,36.0,0.0,1.0,1.0,9,9,9,0,0,18,18,27.0,699.0,1
66,1.0,0,36.0,0.0,1.0,1.0,9,9,9,0,0,18,18,27.0,699.0,1
67,0.9992230935439883,1,34.12785617041378,1.8721438295862214,0.947996004733716,0.8888888888888888,9,9,8,1,0,18,16,27.0,700.2008966515921,0
68,1.0,0,36.0,0.0,1.0,1.0,9,9,9,0,0,18,18,27.0,699.0,1
69,0.9989529384046452,1,33.4972869490192,2.5027130509808018,0.9304801930283111,0.8888888888888888,9,9,8,1,0,18,16,27.0,700.5980518325943,0
70,0.9987941929225416,1,32.67475095293118,3.325249047068823,0.9076319709147549,0.8888888888888888,9,9,8,1,0,18,16,27.0,701.2834317321447,0
71,0.9935017428619517,1,32.35052477338975,3.6494752266102495,0.8986256881497153,0.8888888888888888,9,9,8,1,0,18,16,27.0,697.0349810593365,0
72,0.9993674846903978,2,30.716350598617286,5.283649401382714,0.8532319610727024,0.7777777777777778,9,9,7,2,0,18,14,27.0,703.7371561738864,0
73,1.0,0,36.0,0.0,1.0,1.0,9,9,9,0,0,18,18,27.0,699.0,1
74,1.0,0,36.0,0.0,1.0,1.0,9,9,9,0,0,18,18,27.0,699.0,1
75,0.9989653954515013,1,33.441830197152186,2.5581698028478144,0.9289397276986718,0.8888888888888888,9,9,8,1,0,18,16,27.0,700.6642714729451,0
76,1.0,0,36.0,0.0,1.0,1.0,9,9,9,0,0,18,18,27.0,699.0,1
77,1.0,0,36.0,0.0,1.0,1.0,9,9,9,0,0,18,18,27.0,699.0,1
78,1.0,0,36.0,0.0,1.0,1.0,9,9,9,0,0,18,18,27.0,699.0,1
79,1.0,0,36.0,0.0,1.0,1.0,9,9,9,0,0,18,18,27.0,699.0,1
80,0.9996871014840346,1,33.77156438176442,2.2284356182355793,0.9380990106045672,0.8888888888888888,9,9,8,1,0,18,16,27.0,700.9580913004415,0
81,1.0,0,36.0,0.0,1.0,1.0,9,9,9,0,0,18,18,27.0,699.0,1
82,0.9996420058157914,1,34.596589656793064,1.4034103432069358,0.9610163793553629,0.8888888888888888,9,9,8,1,0,18,16,27.0,700.0941033680506,0
83,1.0,0,36.0,0.0,1.0,1.0,9,9,9,0,0,18,18,27.0,699.0,1
84,1.0,0,36.0,0.0,1.0,1.0,9,9,9,0,0,18,18,27.0,699.0,1
85,0.9997055336902894,1,34.178341890305205,1.8216581096947948,0.9493983858418112,0.8888888888888888,9,9,8,1,0,18,16,27.0,700.5672392181048,0
86,1.0,0,36.0,0.0,1.0,1.0,9,9,9,0,0,18,18,27.0,699.0,1
87,1.0,0,36.0,0.0,1.0,1.0,9,9,9,0,0,18,18,27.0,699.0,1
88,1.0,0,36.0,0.0,1.0,1.0,9,9,9,0,0,18,18,27.0,699.0,1
89,0.9987598720874741,1,34.7246056321937,1.2753943678062996,0.9645723786720473,0.8888888888888888,9,9,8,1,0,18,16,27.0,699.2039238513838,0
90,1.0,0,36.0,0.0,1.0,1.0,9,9,9,0,0,18,18,27.0,699.0,1
91,0.9921595278730556,1,33.03305809870227,2.96694190129773,0.9175849471861741,0.8888888888888888,9,9,8,1,0,18,16,27.0,695.1927739836178,0
92,0.9983059196511573,1,35.299377954783836,0.7006220452161642,0.9805382765217732,0.8888888888888888,9,9,8,1,0,18,16,27.0,698.2369366238161,0
93,1.0,0,36.0,0.0,1.0,1.0,9,9,9,0,0,18,18,27.0,699.0,1
94,0.9988328351800101,1,35.24569669548927,0.7543033045107279,0.9790471304302576,0.8888888888888888,9,9,8,1,0,18,16,27.0,698.7458729000396,0
95,0.9974851114028636,1,33.3026460405072,2.6973539594928013,0.9250735011251999,0.8888888888888888,9,9,8,1,0,18,16,27.0,699.524490211567,0
96,1.0,0,36.0,0.0,1.0,1.0,9,9,9,0,0,18,18,27.0,699.0,1
97,1.0,0,36.0,0.0,1.0,1.0,9,9,9,0,0,18,18,27.0,699.0,1
98,1.0,0,36.0,0.0,1.0,1.0,9,9,9,0,0,18,18,27.0,699.0,1
99,1.0,0,36.0,0.0,1.0,1.0,9,9,9,0,0,18,18,27.0,699.0,1
100,0.9992228524928051,1,34.224853473369876,1.7751465266301238,0.9506903742602744,0.8888888888888888,9,9,8,1,0,18,16,27.0,700.1036910804137,0
101,1.0,0,36.0,0.0,1.0,1.0,9,9,9,0,0,18,18,27.0,699.0,1
102,1.0,0,36.0,0.0,1.0,1.0,9,9,9,0,0,18,18,27.0,699.0,1
103,0.9974431277422455,1,33.14789279617267,2.8521072038273303,0.9207747998936853,0.8888888888888888,9,9,8,1,0,18,16,27.0,699.6429695731274,0
104,1.0,0,36.0,0.0,1.0,1.0,9,9,9,0,0,18,18,27.0,699.0,1
105,1.0,0,36.0,0.0,1.0,1.0,9,9,9,0,0,18,18,27.0,699.0,1
106,0.9971498981886863,1,32.82687296322369,3.1731270367763074,0.9118575823117693,0.8888888888888888,9,9,8,1,0,18,16,27.0,699.7106390718013,0
107,1.0,0,36.0,0.0,1.0,1.0,9,9,9,0,0,18,18,27.0,699.0,1
108,1.0,0,36.0,0.0,1.0,1.0,9,9,9,0,0,18,18,27.0,699.0,1
109,1.0,0,36.0,0.0,1.0,1.0,9,9,9,0,0,18,18,27.0,699.0,1
110,1.0,0,36.0,0.0,1.0,1.0,9,9,9,0,0,18,18,27.0,699.0,1
111,1.0,0,36.0,0.0,1.0,1.0,9,9,9,0,0,18,18,27.0,699.0,1
112,1.0,0,36.0,0.0,1.0,1.0,9,9,9,0,0,18,18,27.0,699.0,1
113,1.0,0,36.0,0.0,1.0,1.0,9,9,9,0,0,18,18,27.0,699.0,1
114,1.0,0,36.0,0.0,1.0,1.0,9,9,9,0,0,18,18,27.0,699.0,1
115,1.0,0,36.0,0.0,1.0,1.0,9,9,9,0,0,18,18,27.0,699.0,1
116,1.0,0,36.0,0.0,1.0,1.0,9,9,9,0,0,18,18,27.0,699.0,1
117,0.9982626615623464,1,32.77301337509495,3.2269866249050523,0.9103614826415263,0.8888888888888888,9,9,8,1,0,18,16,27.0,700.7259262147724,0
118,0.9986332038799982,2,32.88691419146576,3.1130858085342368,0.9135253942073823,0.7777777777777778,9,9,7,2,0,18,14,27.0,700.9321739608528,0
119,0.999771465298094,1,34.63036732228946,1.3696326777105412,0.9619546478413739,0.8888888888888888,9,9,8,1,0,18,16,27.0,700.1721786952639,0
120,1.0,0,36.0,0.0,1.0,1.0,9,9,9,0,0,18,18,27.0,699.0,1
121,1.0,0,36.0,0.0,1.0,1.0,9,9,9,0,0,18,18,27.0,699.0,1
122,1.0,0,36.0,0.0,1.0,1.0,9,9,9,0,0,18,18,27.0,699.0,1
123,1.0,0,36.0,0.0,1.0,1.0,9,9,9,0,0,18,18,27.0,699.0,1
124,0.9991483712722369,1,32.39689769467786,3.603102305322139,0.8999138248521628,0.8888888888888888,9,9,8,1,0,18,16,27.0,701.8672950845348,0
125,1.0,0,36.0,0.0,1.0,1.0,9,9,9,0,0,18,18,27.0,699.0,1
126,1.0,0,36.0,0.0,1.0,1.0,9,9,9,0,0,18,18,27.0,699.0,1
127,0.997343460373522,1,34.794359101345975,1.2056408986540248,0.9665099750373882,0.8888888888888888,9,9,8,1,0,18,16,27.0,697.9103906613769,0
128,1.0,0,36.0,0.0,1.0,1.0,9,9,9,0,0,18,18,27.0,699.0,1
129,1.0,0,36.0,0.0,1.0,1.0,9,9,9,0,0,18,18,27.0,699.0,1
130,1.0,0,36.0,0.0,1.0,1.0,9,9,9,0,0,18,18,27.0,699.0,1
131,1.0,0,36.0,0.0,1.0,1.0,9,9,9,0,0,18,18,27.0,699.0,1
132,1.0,0,36.0,0.0,1.0,1.0,9,9,9,0,0,18,18,27.0,699.0,1
133,1.0,0,36.0,0.0,1.0,1.0,9,9,9,0,0,18,18,27.0,699.0,1
134,1.0,0,36.0,0.0,1.0,1.0,9,9,9,0,0,18,18,27.0,699.0,1
135,1.0,0,36.0,0.0,1.0,1.0,9,9,9,0,0,18,18,27.0,699.0,1
136,1.0,0,36.0,0.0,1.0,1.0,9,9,9,0,0,18,18,27.0,699.0,1
137,1.0,0,36.0,0.0,1.0,1.0,9,9,9,0,0,18,18,27.0,699.0,1
138,1.0,0,36.0,0.0,1.0,1.0,9,9,9,0,0,18,18,27.0,699.0,1
139,1.0,0,36.0,0.0,1.0,1.0,9,9,9,0,0,18,18,27.0,699.0,1
140,1.0,0,36.0,0.0,1.0,1.0,9,9,9,0,0,18,18,27.0,699.0,1
141,1.0,0,36.0,0.0,1.0,1.0,9,9,9,0,0,18,18,27.0,699.0,1
142,1.0,0,36.0,0.0,1.0,1.0,9,9,9,0,0,18,18,27.0,699.0,1
143,1.0,0,36.0,0.0,1.0,1.0,9,9,9,0,0,18,18,27.0,699.0,1
144,1.0,0,36.0,0.0,1.0,1.0,9,9,9,0,0,18,18,27.0,699.0,1
145,1.0,0,36.0,0.0,1.0,1.0,9,9,9,0,0,18,18,27.0,699.0,1
146,1.0,0,36.0,0.0,1.0,1.0,9,9,9,0,0,18,18,27.0,699.0,1
147,0.9974567037051211,1,32.154860404098415,3.8451395959015855,0.8931905667805116,0.8888888888888888,9,9,8,1,0,18,16,27.0,700.6477315971264,0
148,1.0,0,36.0,0.0,1.0,1.0,9,9,9,0,0,18,18,27.0,699.0,1
149,0.9966072972380385,1,32.754215919645006,3.245784080354994,0.9098393311012501,0.8888888888888888,9,9,8,1,0,18,16,27.0,699.3144888940202,0
150,0.9980759155770487,1,34.21645226958802,1.783547730411982,0.9504570074885561,0.8888888888888888,9,9,8,1,0,18,16,27.0,699.1211387889821,0
151,1.0,0,36.0,0.0,1.0,1.0,9,9,9,0,0,18,18,27.0,699.0,1
152,1.0,0,36.0,0.0,1.0,1.0,9,9,9,0,0,18,18,27.0,699.0,1
153,1.0,0,36.0,0.0,1.0,1.0,9,9,9,0,0,18,18,27.0,699.0,1
154,1.0,0,36.0,0.0,1.0,1.0,9,9,9,0,0,18,18,27.0,699.0,1
155,1.0,0,36.0,0.0,1.0,1.0,9,9,9,0,0,18,18,27.0,699.0,1
156,1.0,0,36.0,0.0,1.0,1.0,9,9,9,0,0,18,18,27.0,699.0,1
157,1.0,0,36.0,0.0,1.0,1.0,9,9,9,0,0,18,18,27.0,699.0,1
158,1.0,0,36.0,0.0,1.0,1.0,9,9,9,0,0,18,18,27.0,699.0,1
159,0.9984900187904726,1,33.06813499725324,2.931865002746761,0.9185593054792567,0.8888888888888888,9,9,8,1,0,18,16,27.0,700.6272412377151,0
160,1.0,0,36.0,0.0,1.0,1.0,9,9,9,0,0,18,18,27.0,699.0,1
161,1.0,0,36.0,0.0,1.0,1.0,9,9,9,0,0,18,18,27.0,699.0,1
162,0.9983198694217719,1,35.56315931477589,0.43684068522411224,0.9878655365215524,0.8888888888888888,9,9,8,1,0,18,16,27.0,697.9852078656351,0
163,1.0,0,36.0,0.0,1.0,1.0,9,9,9,0,0,18,18,27.0,699.0,1
164,0.9957639690088369,1,33.14822044442592,2.8517795555740832,0.9207839012340533,0.8888888888888888,9,9,8,1,0,18,16,27.0,698.1918487792091,0
165,1.0,0,36.0,0.0,1.0,1.0,9,9,9,0,0,18,18,27.0,699.0,1
166,0.998183263647254,1,35.78943302146166,0.2105669785383384,0.9941509172628239,0.8888888888888888,9,9,8,1,0,18,16,27.0,697.6409067697658,0
167,0.9998185350867614,1,32.75200600036749,3.247993999632513,0.9097779444546524,0.8888888888888888,9,9,8,1,0,18,16,27.0,702.0912083145945,0
168,0.9975254981322607,1,34.23038376369712,1.7696162363028805,0.9508439934360311,0.8888888888888888,9,9,8,1,0,18,16,27.0,698.631646622576,0
169,0.9966613033462396,2,33.939902429639034,2.0600975703609663,0.9427750674899732,0.7777777777777778,9,9,7,2,0,18,14,27.0,698.1754636615119,0
170,1.0,0,36.0,0.0,1.0,1.0,9,9,9,0,0,18,18,27.0,699.0,1
171,0.9932181271428574,1,32.27422999459921,3.72577000540079,0.8965063887388669,0.8888888888888888,9,9,8,1,0,18,16,27.0,696.8662318568295,0
172,1.0,0,36.0,0.0,1.0,1.0,9,9,9,0,0,18,18,27.0,699.0,1
173,1.0,0,36.0,0.0,1.0,1.0,9,9,9,0,0,18,18,27.0,699.0,1
174,1.0,0,36.0,0.0,1.0,1.0,9,9,9,0,0,18,18,27.0,699.0,1
175,1.0,0,36.0,0.0,1.0,1.0,9,9,9,0,0,18,18,27.0,699.0,1
176,0.9996677262512998,1,35.07710930802622,0.9228906919737767,0.9743641474451729,0.8888888888888888,9,9,8,1,0,18,16,27.0,699.6358061730969,0
177,1.0,0,36.0,0.0,1.0,1.0,9,9,9,0,0,18,18,27.0,699.0,1
178,0.9968264502269354,1,34.57404810296275,1.4259518970372511,0.9603902250822985,0.8888888888888888,9,9,8,1,0,18,16,27.0,697.6840048931094,0
179,0.9992292325593103,1,35.54596100736997,0.4540389926300321,0.9873878057602768,0.8888888888888888,9,9,8,1,0,18,16,27.0,698.7880959238742,0
180,1.0,0,36.0,0.0,1.0,1.0,9,9,9,0,0,18,18,27.0,699.0,1
181,1.0,0,36.0,0.0,1.0,1.0,9,9,9,0,0,18,18,27.0,699.0,1
182,1.0,0,36.0,0.0,1.0,1.0,9,9,9,0,0,18,18,27.0,699.0,1
183,1.0,0,36.0,0.0,1.0,1.0,9,9,9,0,0,18,18,27.0,699.0,1
184,0.9890816455000483,1,33.24334317560694,2.756656824393062,0.923426199322415,0.8888888888888888,9,9,8,1,0,18,16,27.0,692.3231985364348,0
185,0.9928315093277915,1,33.25488629916508,2.7451137008349207,0.9237468416434744,0.8888888888888888,9,9,8,1,0,18,16,27.0,695.5515377600468,0
186,1.0,0,36.0,0.0,1.0,1.0,9,9,9,0,0,18,18,27.0,699.0,1
187,1.0,0,36.0,0.0,1.0,1.0,9,9,9,0,0,18,18,27.0,699.0,1
188,1.0,0,36.0,0.0,1.0,1.0,9,9,9,0,0,18,18,27.0,699.0,1
189,0.9989483476326725,1,32.277465754129,3.722534245871003,0.8965962709480277,0.8888888888888888,9,9,8,1,0,18,16,27.0,701.8139066005001,0
190,1.0,0,36.0,0.0,1.0,1.0,9,9,9,0,0,18,18,27.0,699.0,1
191,1.0,0,36.0,0.0,1.0,1.0,9,9,9,0,0,18,18,27.0,699.0,1
192,1.0,0,36.0,0.0,1.0,1.0,9,9,9,0,0,18,18,27.0,699.0,1
193,1.0,0,36.0,0.0,1.0,1.0,9,9,9,0,0,18,18,27.0,699.0,1
194,0.9962773116311354,1,35.863446102722364,0.13655389727763634,0.9962068361867323,0.8888888888888888,9,9,8,1,0,18,16,27.0,695.9201511465786,0
195,1.0,0,36.0,0.0,1.0,1.0,9,9,9,0,0,18,18,27.0,699.0,1
196,1.0,0,36.0,0.0,1.0,1.0,9,9,9,0,0,18,18,27.0,699.0,1
197,0.9941208745461023,1,33.00770915316447,2.9922908468355303,0.9168808098101242,0.8888888888888888,9,9,8,1,0,18,16,27.0,696.912726454668,0
198,0.9989889119722137,1,35.068138470697065,0.9318615293029353,0.974114957519363,0.8888888888888888,9,9,8,1,0,18,16,27.0,699.0582814732956,0
199,1.0,0,36.0,0.0,1.0,1.0,9,9,9,0,0,18,18,27.0,699.0,1
200,1.0,0,36.0,0.0,1.0,1.0,9,9,9,0,0,18,18,27.0,699.0,1
201,0.9882331335319874,1,32.605039256483714,3.394960743516286,0.9056955349023253,0.8888888888888888,9,9,8,1,0,18,16,27.0,692.2283881151534,0
202,1.0,0,36.0,0.0,1.0,1.0,9,9,9,0,0,18,18,27.0,699.0,1
203,1.0,0,36.0,0.0,1.0,1.0,9,9,9,0,0,18,18,27.0,699.0,1
204,0.9966266110073648,2,30.164977586979436,5.835022413020564,0.8379160440827621,0.7777777777777778,9,9,7,2,0,18,14,27.0,701.9204143233837,0
205,0.9967586048362806,1,35.727625646402444,0.2723743535975558,0.9924340457334012,0.8888888888888888,9,9,8,1,0,18,16,27.0,696.4718089321441,0
206,0.9961242190708332,1,35.40176843079476,0.5982315692052396,0.9833824564109656,0.8888888888888888,9,9,8,1,0,18,16,27.0,696.2495568464051,0
207,0.9951906815422696,2,29.55689821813914,6.443101781860861,0.8210249505038649,0.7777777777777778,9,9,7,2,0,18,14,27.0,701.2878506343818,0
208,0.9962643574545853,1,33.58623852626101,2.4137614737389868,0.932951070173917,0.8888888888888888,9,9,8,1,0,18,16,27.0,698.1861663145007,0
209,1.0,0,36.0,0.0,1.0,1.0,9,9,9,0,0,18,18,27.0,699.0,1
210,1.0,0,36.0,0.0,1.0,1.0,9,9,9,0,0,18,18,27.0,699.0,1
211,1.0,0,36.0,0.0,1.0,1.0,9,9,9,0,0,18,18,27.0,699.0,1
212,1.0,0,36.0,0.0,1.0,1.0,9,9,9,0,0,18,18,27.0,699.0,1
213,1.0,0,36.0,0.0,1.0,1.0,9,9,9,0,0,18,18,27.0,699.0,1
214,0.9903237713420848,1,32.395477169183884,3.6045228308161157,0.8998743658106635,0.8888888888888888,9,9,8,1,0,18,16,27.0,694.2442612703774,0
215,1.0,0,36.0,0.0,1.0,1.0,9,9,9,0,0,18,18,27.0,699.0,1
216,1.0,0,36.0,0.0,1.0,1.0,9,9,9,0,0,18,18,27.0,699.0,1
217,1.0,0,36.0,0.0,1.0,1.0,9,9,9,0,0,18,18,27.0,699.0,1
218,1.0,0,36.0,0.0,1.0,1.0,9,9,9,0,0,18,18,27.0,699.0,1
219,0.9956650984742981,1,33.32179290263623,2.6782070973637673,0.925605358406562,0.8888888888888888,9,9,8,1,0,18,16,26.999999999999993,697.9328521791573,0
220,0.995485099595704,2,31.027856034355324,4.972143965644676,0.8618848898432034,0.7777777777777778,9,9,7,2,0,18,14,27.0,700.071270016333,0
221,1.0,0,36.0,0.0,1.0,1.0,9,9,9,0,0,18,18,27.0,699.0,1
222,1.0,0,36.0,0.0,1.0,1.0,9,9,9,0,0,18,18,27.0,699.0,1
223,1.0,0,36.0,0.0,1.0,1.0,9,9,9,0,0,18,18,27.0,699.0,1
224,1.0,0,36.0,0.0,1.0,1.0,9,9,9,0,0,18,18,27.0,699.0,1
225,1.0,0,36.0,0.0,1.0,1.0,9,9,9,0,0,18,18,27.0,699.0,1
226,0.9971358172913611,1,32.43886344989306,3.561136550106937,0.9010795402748073,0.8888888888888888,9,9,8,1,0,18,16,27.0,700.086482689843,0
227,1.0,0,36.0,0.0,1.0,1.0,9,9,9,0,0,18,18,27.0,699.0,1
228,1.0,0,36.0,0.0,1.0,1.0,9,9,9,0,0,18,18,27.0,699.0,1
229,1.0,0,36.0,0.0,1.0,1.0,9,9,9,0,0,18,18,27.0,699.0,1
230,1.0,0,36.0,0.0,1.0,1.0,9,9,9,0,0,18,18,27.0,699.0,1
231,0.9980300294254313,1,32.278961497783314,3.721038502216686,0.8966378193828698,0.8888888888888888,9,9,8,1,0,18,16,27.0,701.0189839257894,0
232,1.0,0,36.0,0.0,1.0,1.0,9,9,9,0,0,18,18,27.0,699.0,1
233,1.0,0,36.0,0.0,1.0,1.0,9,9,9,0,0,18,18,27.0,699.0,1
234,1.0,0,36.0,0.0,1.0,1.0,9,9,9,0,0,18,18,27.0,699.0,1
235,1.0,0,36.0,0.0,1.0,1.0,9,9,9,0,0,18,18,27.0,699.0,1
236,1.0,0,36.0,0.0,1.0,1.0,9,9,9,0,0,18,18,27.0,699.0,1
237,0.9971677328659531,2,32.74881593898766,3.2511840610123386,0.9096893316385462,0.7777777777777778,9,9,7,2,0,18,14,27.0,699.8041052571957,0
238,1.0,0,36.0,0.0,1.0,1.0,9,9,9,0,0,18,18,27.0,699.0,1
239,1.0,0,36.0,0.0,1.0,1.0,9,9,9,0,0,18,18,27.0,699.0,1
240,0.9996791531133021,1,34.6424678745028,1.357532125497201,0.9622907742917444,0.8888888888888888,9,9,8,1,0,18,16,27.0,700.0803204153901,0
241,0.9993618087723197,1,34.87046286753713,1.1295371324628718,0.968623968542698,0.8888888888888888,9,9,8,1,0,18,16,27.0,699.578139911747,0
242,1.0,0,36.0,0.0,1.0,1.0,9,9,9,0,0,18,18,27.0,699.0,1
243,1.0,0,36.0,0.0,1.0,1.0,9,9,9,0,0,18,18,27.0,699.0,1
244,1.0,0,36.0,0.0,1.0,1.0,9,9,9,0,0,18,18,27.0,699.0,1
245,1.0,0,36.0,0.0,1.0,1.0,9,9,9,0,0,18,18,27.0,699.0,1
246,1.0,0,36.0,0.0,1.0,1.0,9,9,9,0,0,18,18,27.0,699.0,1
247,0.9953919195000759,1,33.879852858003886,2.1201471419961138,0.9411070238334412,0.8888888888888888,9,9,8,1,0,18,16,27.0,697.1387655900617,0
248,1.0,0,36.0,0.0,1.0,1.0,9,9,9,0,0,18,18,27.0,699.0,1
249,1.0,0,36.0,0.0,1.0,1.0,9,9,9,0,0,18,18,27.0,699.0,1
250,1.0,0,36.0,0.0,1.0,1.0,9,9,9,0,0,18,18,27.0,699.0,1
251,1.0,0,36.0,0.0,1.0,1.0,9,9,9,0,0,18,18,27.0,699.0,1
252,0.9993680911705453,1,32.72603804324136,3.27396195675864,0.90905661231226,0.8888888888888888,9,9,8,1,0,18,16,27.0,701.7279927281098,0
253,0.9988811032777524,1,32.80820101533526,3.191798984664743,0.911338917092646,0.8888888888888888,9,9,8,1,0,18,16,27.0,701.2250722166427,0
254,1.0,0,36.0,0.0,1.0,1.0,9,9,9,0,0,18,18,27.0,699.0,1
255,1.0,0,36.0,0.0,1.0,1.0,9,9,9,0,0,18,18,27.0,699.0,1
256,1.0,0,36.0,0.0,1.0,1.0,9,9,9,0,0,18,18,27.0,699.0,1
257,1.0,0,36.0,0.0,1.0,1.0,9,9,9,0,0,18,18,27.0,699.0,1
258,1.0,0,36.0,0.0,1.0,1.0,9,9,9,0,0,18,18,27.0,699.0,1
259,0.9969408702274611,1,33.574336082110115,2.425663917889885,0.932620446725281,0.8888888888888888,9,9,8,1,0,18,16,27.0,698.7825757944163,0
260,1.0,0,36.0,0.0,1.0,1.0,9,9,9,0,0,18,18,27.0,699.0,1
261,1.0,0,36.0,0.0,1.0,1.0,9,9,9,0,0,18,18,27.0,699.0,1
262,0.9995004408963127,1,32.95724200743449,3.0427579925655124,0.915478944650958,0.8888888888888888,9,9,8,1,0,18,16,27.0,701.6111389269797,0
263,1.0,0,36.0,0.0,1.0,1.0,9,9,9,0,0,18,18,27.0,699.0,1
264,0.9971201905515806,1,35.49005006957589,0.5099499304241135,0.9858347241548857,0.8888888888888888,9,9,8,1,0,18,16,27.0,697.0217945669899,0
265,1.0,0,36.0,0.0,1.0,1.0,9,9,9,0,0,18,18,27.0,699.0,1
266,0.9982450313411038,2,34.5021209315267,1.4978790684733028,0.9583922480979639,0.7777777777777778,9,9,7,2,0,18,14,27.0,698.9815861471869,0
267,1.0,0,36.0,0.0,1.0,1.0,9,9,9,0,0,18,18,27.0,699.0,1
268,1.0,0,36.0,0.0,1.0,1.0,9,9,9,0,0,18,18,27.0,699.0,1
269,1.0,0,36.0,0.0,1.0,1.0,9,9,9,0,0,18,18,27.0,699.0,1
270,1.0,0,36.0,0.0,1.0,1.0,9,9,9,0,0,18,18,27.0,699.0,1
271,1.0,0,36.0,0.0,1.0,1.0,9,9,9,0,0,18,18,27.0,699.0,1
272,1.0,0,36.0,0.0,1.0,1.0,9,9,9,0,0,18,18,27.0,699.0,1
273,1.0,0,36.0,0.0,1.0,1.0,9,9,9,0,0,18,18,27.0,699.0,1
274,1.0,0,36.0,0.0,1.0,1.0,9,9,9,0,0,18,18,27.0,699.0,1
275,1.0,0,36.0,0.0,1.0,1.0,9,9,9,0,0,18,18,27.0,699.0,1
276,1.0,0,36.0,0.0,1.0,1.0,9,9,9,0,0,18,18,27.0,699.0,1
277,0.9984327155542152,2,29.9703481025782,6.0296518974218,0.8325096695160611,0.7777777777777778,9,9,7,2,0,18,14,27.000000000000007,703.6755181362638,0
278,0.9972583241040625,1,33.741747588480834,2.258252411519166,0.9372707663466898,0.8888888888888888,9,9,8,1,0,18,16,27.0,698.8894444374291,0
279,0.998928654779912,1,33.87529108065682,2.1247089193431776,0.9409803077960228,0.8888888888888888,9,9,8,1,0,18,16,27.0,700.1990666491872,0
280,1.0,0,36.0,0.0,1.0,1.0,9,9,9,0,0,18,18,27.0,699.0,1
281,1.0,0,36.0,0.0,1.0,1.0,9,9,9,0,0,18,18,27.0,699.0,1
282,1.0,0,36.0,0.0,1.0,1.0,9,9,9,0,0,18,18,27.0,699.0,1
283,0.9996465737170955,1,34.21645536140454,1.7835446385954583,0.9504570933723484,0.8888888888888888,9,9,8,1,0,18,16,27.0,700.478184330166,0
284,1.0,0,36.0,0.0,1.0,1.0,9,9,9,0,0,18,18,27.0,699.0,1
285,0.9991780716942815,1,35.103699925585744,0.8963000744142562,0.9751027757107151,0.8888888888888888,9,9,8,1,0,18,16,27.0,699.1861540182734,0
286,1.0,0,36.0,0.0,1.0,1.0,9,9,9,0,0,18,18,27.0,699.0,1
287,0.9985439470608576,1,33.34426285016937,2.655737149830628,0.9262295236158159,0.8888888888888888,9,9,8,1,0,18,16,27.0,700.3977074104116,0
288,0.9991806053806279,1,33.94810670264933,2.0518932973506665,0.9430029639624815,0.8888888888888888,9,9,8,1,0,18,16,27.0,700.3439363462132,0
289,0.9863062945912041,2,32.88654874151918,3.113451258480822,0.9135152428199772,0.7777777777777778,9,9,7,2,0,18,14,26.92033481716517,690.3617549681161,0
290,1.0,0,36.0,0.0,1.0,1.0,9,9,9,0,0,18,18,27.0,699.0,1
291,1.0,0,36.0,0.0,1.0,1.0,9,9,9,0,0,18,18,27.0,699.0,1
292,0.997805926431682,1,32.42559614252254,3.5744038574774635,0.9007110039589593,0.8888888888888888,9,9,8,1,0,18,16,27.0,700.6787242944507,0
293,0.9981212037388267,1,32.12997261379088,3.8700273862091166,0.892499239271969,0.8888888888888888,9,9,8,1,0,18,16,27.0,701.2467474165553,0
294,0.9996994361528827,1,34.03317768306081,1.9668223169391865,0.9453660467516892,0.8888888888888888,9,9,8,1,0,18,16,27.0,700.7071351530298,0
295,1.0,0,36.0,0.0,1.0,1.0,9,9,9,0,0,18,18,27.0,699.0,1
296,1.0,0,36.0,0.0,1.0,1.0,9,9,9,0,0,18,18,27.0,699.0,1
297,0.9996459957164441,1,35.16560731393585,0.8343926860641488,0.976822425387107,0.8888888888888888,9,9,8,1,0,18,16,27.0,699.5285329850719,0
298,0.9987752331778096,2,33.46922202092957,2.530777979070429,0.9297006116924881,0.7777777777777778,9,9,7,2,0,18,14,27.0,700.4725794446979,0
299,1.0,0,36.0,0.0,1.0,1.0,9,9,9,0,0,18,18,27.0,699.0,1
300,1.0,0,36.0,0.0,1.0,1.0,9,9,9,0,0,18,18,27.0,699.0,1
301,1.0,0,36.0,0.0,1.0,1.0,9,9,9,0,0,18,18,27.0,699.0,1
302,1.0,0,36.0,0.0,1.0,1.0,9,9,9,0,0,18,18,27.0,699.0,1
303,1.0,0,36.0,0.0,1.0,1.0,9,9,9,0,0,18,18,27.0,699.0,1
304,1.0,0,36.0,0.0,1.0,1.0,9,9,9,0,0,18,18,27.0,699.0,1
305,1.0,0,36.0,0.0,1.0,1.0,9,9,9,0,0,18,18,27.0,699.0,1
306,1.0,0,36.0,0.0,1.0,1.0,9,9,9,0,0,18,18,27.0,699.0,1
307,1.0,0,36.0,0.0,1.0,1.0,9,9,9,0,0,18,18,27.0,699.0,1
308,1.0,0,36.0,0.0,1.0,1.0,9,9,9,0,0,18,18,27.0,699.0,1
309,1.0,0,36.0,0.0,1.0,1.0,9,9,9,0,0,18,18,27.0,699.0,1
310,1.0,0,36.0,0.0,1.0,1.0,9,9,9,0,0,18,18,27.0,699.0,1
311,1.0,0,36.0,0.0,1.0,1.0,9,9,9,0,0,18,18,27.0,699.0,1
312,0.9968883764290545,1,35.856227415398266,0.14377258460173437,0.9960063170943962,0.8888888888888888,9,9,8,1,0,18,16,27.0,696.4553298193048,0
313,1.0,0,36.0,0.0,1.0,1.0,9,9,9,0,0,18,18,27.0,699.0,1
314,0.9975505771610527,1,33.80374765428059,2.196252345719408,0.9389929903966832,0.8888888888888888,9,9,8,1,0,18,16,27.0,699.0799510128688,0
315,1.0,0,36.0,0.0,1.0,1.0,9,9,9,0,0,18,18,27.0,699.0,1
316,1.0,0,36.0,0.0,1.0,1.0,9,9,9,0,0,18,18,27.0,699.0,1
317,1.0,0,36.0,0.0,1.0,1.0,9,9,9,0,0,18,18,27.0,699.0,1
318,1.0,0,36.0,0.0,1.0,1.0,9,9,9,0,0,18,18,27.0,699.0,1
319,1.0,0,36.0,0.0,1.0,1.0,9,9,9,0,0,18,18,27.0,699.0,1
320,1.0,0,36.0,0.0,1.0,1.0,9,9,9,0,0,18,18,27.0,699.0,1
321,1.0,0,36.0,0.0,1.0,1.0,9,9,9,0,0,18,18,27.0,699.0,1
322,0.9943642659418975,1,34.112760578662176,1.8872394213378243,0.947576682740616,0.8888888888888888,9,9,8,1,0,18,16,27.0,696.0179651951371,0
323,0.9975156637807758,2,29.003370359212028,6.9966296407879724,0.8056491766447785,0.7777777777777778,9,9,7,2,0,18,14,26.999999999999993,703.8501631473782,0
324,1.0,0,36.0,0.0,1.0,1.0,9,9,9,0,0,18,18,27.0,699.0,1
325,1.0,0,36.0,0.0,1.0,1.0,9,9,9,0,0,18,18,27.0,699.0,1
326,1.0,0,36.0,0.0,1.0,1.0,9,9,9,0,0,18,18,27.0,699.0,1
327,1.0,0,36.0,0.0,1.0,1.0,9,9,9,0,0,18,18,27.0,699.0,1
328,1.0,0,36.0,0.0,1.0,1.0,9,9,9,0,0,18,18,27.0,699.0,1
329,1.0,0,36.0,0.0,1.0,1.0,9,9,9,0,0,18,18,27.0,699.0,1
330,0.9974788958119177,1,32.05350217435444,3.946497825645558,0.8903750603987345,0.8888888888888888,9,9,8,1,0,18,16,27.0,700.7682638071425,0
331,0.9990386150195789,1,32.57180825106073,3.4281917489392697,0.9047724514183536,0.8888888888888888,9,9,8,1,0,18,16,27.0,701.5975551258555,0
332,1.0,0,36.0,0.0,1.0,1.0,9,9,9,0,0,18,18,27.0,699.0,1
333,1.0,0,36.0,0.0,1.0,1.0,9,9,9,0,0,18,18,27.0,699.0,1
334,0.9947159898601625,1,33.16399569298436,2.836004307015642,0.9212221025828988,0.8888888888888888,9,9,8,1,0,18,16,27.0,697.270619546196,0
335,1.0,0,36.0,0.0,1.0,1.0,9,9,9,0,0,18,18,27.0,699.0,1
336,1.0,0,36.0,0.0,1.0,1.0,9,9,9,0,0,18,18,27.0,699.0,1
337,0.9997448662641355,1,35.30657566948621,0.6934243305137926,0.9807382130412835,0.8888888888888888,9,9,8,1,0,18,16,27.0,699.4729887827268,0
338,0.9973598194173415,1,35.488317801665204,0.5116821983347961,0.9857866056018112,0.8888888888888888,9,9,8,1,0,18,16,27.0,697.2305661749178,0
339,1.0,0,36.0,0.0,1.0,1.0,9,9,9,0,0,18,18,27.0,699.0,1
340,1.0,0,36.0,0.0,1.0,1.0,9,9,9,0,0,18,18,27.0,699.0,1
341,0.9994846944236474,1,35.44924432881231,0.5507556711876873,0.9847012313558976,0.8888888888888888,9,9,8,1,0,18,16,27.0,699.1055316532191,0
342,0.9983940031457679,1,35.116405040359425,0.8835949596405754,0.9754556955655396,0.8888888888888888,9,9,8,1,0,18,16,27.0,698.4960136775841,0
343,1.0,0,36.0,0.0,1.0,1.0,9,9,9,0,0,18,18,27.0,699.0,1
344,1.0,0,36.0,0.0,1.0,1.0,9,9,9,0,0,18,18,27.0,699.0,1
345,1.0,0,36.0,0.0,1.0,1.0,9,9,9,0,0,18,18,27.0,699.0,1
346,1.0,0,36.0,0.0,1.0,1.0,9,9,9,0,0,18,18,27.0,699.0,1
347,0.9979271572349455,1,34.18904537280537,1.8109546271946328,0.9496957048001491,0.8888888888888888,9,9,8,1,0,18,16,27.0,699.0200184781876,0
348,1.0,0,36.0,0.0,1.0,1.0,9,9,9,0,0,18,18,27.0,699.0,1
349,1.0,0,36.0,0.0,1.0,1.0,9,9,9,0,0,18,18,27.0,699.0,1
350,0.9991294035763945,1,33.35095745702574,2.6490425429742572,0.9264154849173818,0.8888888888888888,9,9,8,1,0,18,16,27.0,700.8968472329791,0
351,1.0,0,36.0,0.0,1.0,1.0,9,9,9,0,0,18,18,27.0,699.0,1
352,0.9991370678051247,1,35.889248757212556,0.11075124278744397,0.9969235765892377,0.8888888888888888,9,9,8,1,0,18,16,27.0,698.3651778264152,0
353,1.0,0,36.0,0.0,1.0,1.0,9,9,9,0,0,18,18,27.0,699.0,1
354,1.0,0,36.0,0.0,1.0,1.0,9,9,9,0,0,18,18,27.0,699.0,1
355,1.0,0,36.0,0.0,1.0,1.0,9,9,9,0,0,18,18,27.0,699.0,1
356,0.9984675998937013,1,33.66615667434053,2.3338433256594726,0.9351710187316813,0.8888888888888888,9,9,8,1,0,18,16,27.0,700.0098496338173,0
357,1.0,0,36.0,0.0,1.0,1.0,9,9,9,0,0,18,18,27.0,699.0,1
358,0.9995133425874168,1,35.80603938451817,0.19396061548182786,0.9946122051255047,0.8888888888888888,9,9,8,1,0,18,16,27.0,698.7734886110101,0
359,1.0,0,36.0,0.0,1.0,1.0,9,9,9,0,0,18,18,27.0,699.0,1
360,1.0,0,36.0,0.0,1.0,1.0,9,9,9,0,0,18,18,27.0,699.0,1
361,1.0,0,36.0,0.0,1.0,1.0,9,9,9,0,0,18,18,27.0,699.0,1
362,0.9970300858148313,1,33.07512307104429,2.9248769289557117,0.9187534186401192,0.8888888888888888,9,9,8,1,0,18,16,27.0,699.35887107297,0
363,1.0,0,36.0,0.0,1.0,1.0,9,9,9,0,0,18,18,27.0,699.0,1
364,1.0,0,36.0,0.0,1.0,1.0,9,9,9,0,0,18,18,27.0,699.0,1
365,1.0,0,36.0,0.0,1.0,1.0,9,9,9,0,0,18,18,27.0,699.0,1
366,0.9970960719072502,1,32.61554518989405,3.38445481010595,0.9059873663859458,0.8888888888888888,9,9,8,1,0,18,16,27.0,699.8754609379703,0
367,0.9965803745060995,1,32.836579119755925,3.1634208802440753,0.9121271977709979,0.8888888888888888,9,9,8,1,0,18,16,27.0,699.208864453514,0
368,0.997873353812346,1,32.93537318895664,3.064626811043361,0.9148714774710177,0.8888888888888888,9,9,8,1,0,18,16,27.0,700.2272045049103,0
369,0.9815140583829026,2,30.68455953083335,5.315440469166649,0.852348875856482,0.7777777777777778,9,9,7,2,0,18,14,27.0,688.3435869119944,0
370,1.0,0,36.0,0.0,1.0,1.0,9,9,9,0,0,18,18,27.0,699.0,1
371,0.999774282695209,1,34.529456959613725,1.470543040386275,0.9591515822114923,0.8888888888888888,9,9,8,1,0,18,16,27.0,700.2755232890468,0
372,1.0,0,36.0,0.0,1.0,1.0,9,9,9,0,0,18,18,27.0,699.0,1
373,1.0,0,36.0,0.0,1.0,1.0,9,9,9,0,0,18,18,27.0,699.0,1
374,1.0,0,36.0,0.0,1.0,1.0,9,9,9,0,0,18,18,27.0,699.0,1
375,1.0,0,36.0,0.0,1.0,1.0,9,9,9,0,0,18,18,27.0,699.0,1
376,1.0,0,36.0,0.0,1.0,1.0,9,9,9,0,0,18,18,27.0,699.0,1
377,1.0,0,36.0,0.0,1.0,1.0,9,9,9,0,0,18,18,27.0,699.0,1
378,1.0,0,36.0,0.0,1.0,1.0,9,9,9,0,0,18,18,27.0,699.0,1
379,0.9986394138184188,2,33.412537386452556,2.5874626135474443,0.928126038512571,0.7777777777777778,9,9,7,2,0,18,14,27.0,700.4119161526614,0
380,0.9972875461381351,1,32.32978850508319,3.6702114949168134,0.8980496806967552,0.8888888888888888,9,9,8,1,0,18,16,27.0,700.3266513582655,0
381,1.0,0,36.0,0.0,1.0,1.0,9,9,9,0,0,18,18,27.0,699.0,1
382,1.0,0,36.0,0.0,1.0,1.0,9,9,9,0,0,18,18,27.0,699.0,1
383,1.0,0,36.0,0.0,1.0,1.0,9,9,9,0,0,18,18,27.0,699.0,1
384,1.0,0,36.0,0.0,1.0,1.0,9,9,9,0,0,18,18,27.0,699.0,1
385,1.0,0,36.0,0.0,1.0,1.0,9,9,9,0,0,18,18,27.0,699.0,1
386,0.9998976548534345,1,33.859728182981925,2.140271817018075,0.9405480050828312,0.8888888888888888,9,9,8,1,0,18,16,27.0,701.0518456103856,0
387,0.9971645300734415,2,35.30236474689967,0.69763525310033,0.9806212429694353,0.7777777777777778,9,9,7,2,0,18,14,27.0,697.2477892365538,0
388,1.0,0,36.0,0.0,1.0,1.0,9,9,9,0,0,18,18,27.0,699.0,1
389,1.0,0,36.0,0.0,1.0,1.0,9,9,9,0,0,18,18,27.0,699.0,1
390,1.0,0,36.0,0.0,1.0,1.0,9,9,9,0,0,18,18,27.0,699.0,1
391,1.0,0,36.0,0.0,1.0,1.0,9,9,9,0,0,18,18,27.0,699.0,1
392,1.0,0,36.0,0.0,1.0,1.0,9,9,9,0,0,18,18,27.0,699.0,1
393,1.0,0,36.0,0.0,1.0,1.0,9,9,9,0,0,18,18,27.0,699.0,1
394,1.0,0,36.0,0.0,1.0,1.0,9,9,9,0,0,18,18,27.0,699.0,1
395,0.9981941520271436,1,35.681590895602326,0.31840910439767356,0.9911553026556201,0.8888888888888888,9,9,8,1,0,18,16,27.0,697.7581564558498,0
396,1.0,0,36.0,0.0,1.0,1.0,9,9,9,0,0,18,18,27.0,699.0,1
397,1.0,0,36.0,0.0,1.0,1.0,9,9,9,0,0,18,18,27.0,699.0,1
398,1.0,0,36.0,0.0,1.0,1.0,9,9,9,0,0,18,18,27.0,699.0,1
399,0.9997711443290571,1,35.175575329529465,0.8244246704705347,0.9770993147091518,0.8888888888888888,9,9,8,1,0,18,16,27.0,699.6266933707759,0
400,0.999442280239072,1,34.98949900496841,1.0105009950315917,0.9719305279157892,0.8888888888888888,9,9,8,1,0,18,16,27.0,699.5286311215897,0
401,1.0,0,36.0,0.0,1.0,1.0,9,9,9,0,0,18,18,27.0,699.0,1
402,1.0,0,36.0,0.0,1.0,1.0,9,9,9,0,0,18,18,27.0,699.0,1
403,1.0,0,36.0,0.0,1.0,1.0,9,9,9,0,0,18,18,27.0,699.0,1
404,1.0,0,36.0,0.0,1.0,1.0,9,9,9,0,0,18,18,27.0,699.0,1
405,0.9974675781609436,2,33.13461351601714,2.86538648398286,0.9204059310004761,0.7777777777777778,9,9,7,2,0,18,14,27.0,699.6773740150381,0
406,1.0,0,36.0,0.0,1.0,1.0,9,9,9,0,0,18,18,27.0,699.0,1
407,1.0,0,36.0,0.0,1.0,1.0,9,9,9,0,0,18,18,27.0,699.0,1
408,1.0,0,36.0,0.0,1.0,1.0,9,9,9,0,0,18,18,27.0,699.0,1
409,1.0,0,36.0,0.0,1.0,1.0,9,9,9,0,0,18,18,27.0,699.0,1
410,1.0,0,36.0,0.0,1.0,1.0,9,9,9,0,0,18,18,27.0,699.0,1
411,1.0,0,36.0,0.0,1.0,1.0,9,9,9,0,0,18,18,27.0,699.0,1
412,1.0,0,36.0,0.0,1.0,1.0,9,9,9,0,0,18,18,27.0,699.0,1
413,1.0,0,36.0,0.0,1.0,1.0,9,9,9,0,0,18,18,27.0,699.0,1
414,1.0,0,36.0,0.0,1.0,1.0,9,9,9,0,0,18,18,27.0,699.0,1
415,0.9978927225753617,1,35.20363048977299,0.7963695102270094,0.9778786247159164,0.8888888888888888,9,9,8,1,0,18,16,27.0,697.9756818153396,0
416,1.0,0,36.0,0.0,1.0,1.0,9,9,9,0,0,18,18,27.0,699.0,1
417,0.9937231806586778,1,32.95979708637282,3.0402029136271835,0.9155499190659115,0.8888888888888888,9,9,8,1,0,18,16,27.0,696.6170310027247,0
418,1.0,0,36.0,0.0,1.0,1.0,9,9,9,0,0,18,18,27.0,699.0,1
419,1.0,0,36.0,0.0,1.0,1.0,9,9,9,0,0,18,18,27.0,699.0,1
420,1.0,0,36.0,0.0,1.0,1.0,9,9,9,0,0,18,18,27.0,699.0,1
421,1.0,0,36.0,0.0,1.0,1.0,9,9,9,0,0,18,18,27.0,699.0,1
422,1.0,0,36.0,0.0,1.0,1.0,9,9,9,0,0,18,18,27.0,699.0,1
423,1.0,0,36.0,0.0,1.0,1.0,9,9,9,0,0,18,18,27.0,699.0,1
424,0.9998082254653694,1,33.02289674405678,2.97710325594322,0.9173026873349106,0.8888888888888888,9,9,8,1,0,18,16,27.0,701.8114100580224,0
425,1.0,0,36.0,0.0,1.0,1.0,9,9,9,0,0,18,18,27.0,699.0,1
426,0.9993636034978114,1,34.59506512999751,1.4049348700024922,0.9609740313888196,0.8888888888888888,9,9,8,1,0,18,16,27.0,699.8550882921115,0
427,0.9990148575662395,1,34.68873476499337,1.3112652350066298,0.9635759656942603,0.8888888888888888,9,9,8,1,0,18,16,27.0,699.4601021722376,0
428,1.0,0,36.0,0.0,1.0,1.0,9,9,9,0,0,18,18,27.0,699.0,1
429,1.0,0,36.0,0.0,1.0,1.0,9,9,9,0,0,18,18,27.0,699.0,1
430,1.0,0,36.0,0.0,1.0,1.0,9,9,9,0,0,18,18,27.0,699.0,1
431,1.0,0,36.0,0.0,1.0,1.0,9,9,9,0,0,18,18,27.0,699.0,1
432,0.9966034202994983,1,32.18791505465389,3.8120849453461076,0.8941087515181637,0.8888888888888888,9,9,8,1,0,18,16,27.0,699.8774400841128,0
433,0.9998350604735877,1,33.70750776373036,2.292492236269638,0.9363196601036212,0.8888888888888888,9,9,8,1,0,18,16,27.0,701.1499844854495,0
434,0.9961036281817063,1,35.15634030446452,0.8436596955354787,0.9765650084573478,0.8888888888888888,9,9,8,1,0,18,16,27.0,696.4771944445296,0
435,1.0,0,36.0,0.0,1.0,1.0,9,9,9,0,0,18,18,27.0,699.0,1
436,0.9981628826609046,1,35.50040043364106,0.4995995663589383,0.9861222342678073,0.8888888888888888,9,9,8,1,0,18,16,27.0,697.9123301853805,0
437,1.0,0,36.0,0.0,1.0,1.0,9,9,9,0,0,18,18,27.0,699.0,1
438,1.0,0,36.0,0.0,1.0,1.0,9,9,9,0,0,18,18,27.0,699.0,1
439,1.0,0,36.0,0.0,1.0,1.0,9,9,9,0,0,18,18,27.0,699.0,1
440,1.0,0,36.0,0.0,1.0,1.0,9,9,9,0,0,18,18,27.0,699.0,1
441,1.0,0,36.0,0.0,1.0,1.0,9,9,9,0,0,18,18,27.0,699.0,1
442,1.0,0,36.0,0.0,1.0,1.0,9,9,9,0,0,18,18,27.0,699.0,1
443,1.0,0,36.0,0.0,1.0,1.0,9,9,9,0,0,18,18,27.0,699.0,1
444,1.0,0,36.0,0.0,1.0,1.0,9,9,9,0,0,18,18,27.0,699.0,1
445,1.0,0,36.0,0.0,1.0,1.0,9,9,9,0,0,18,18,27.0,699.0,1
446,0.9915478364419464,1,34.25554175019988,1.7444582498001182,0.9515428263944412,0.8888888888888888,9,9,8,1,0,18,16,27.0,693.4417889356419,0
447,1.0,0,36.0,0.0,1.0,1.0,9,9,9,0,0,18,18,27.0,699.0,1
448,1.0,0,36.0,0.0,1.0,1.0,9,9,9,0,0,18,18,27.0,699.0,1
449,1.0,0,36.0,0.0,1.0,1.0,9,9,9,0,0,18,18,27.0,699.0,1
450,1.0,0,36.0,0.0,1.0,1.0,9,9,9,0,0,18,18,27.0,699.0,1
451,1.0,0,36.0,0.0,1.0,1.0,9,9,9,0,0,18,18,27.0,699.0,1
452,1.0,0,36.0,0.0,1.0,1.0,9,9,9,0,0,18,18,27.0,699.0,1
453,1.0,0,36.0,0.0,1.0,1.0,9,9,9,0,0,18,18,27.0,699.0,1
454,0.9982405880519976,1,35.05073897649601,0.9492610235039933,0.9736316382360002,0.8888888888888888,9,9,8,1,0,18,16,27.0,698.4291291004299,0
455,1.0,0,36.0,0.0,1.0,1.0,9,9,9,0,0,18,18,27.0,699.0,1
456,0.9951093949443091,1,33.59082620659997,2.4091737934000292,0.9330785057388881,0.8888888888888888,9,9,8,1,0,18,16,27.0,697.183691025283,0
457,1.0,0,36.0,0.0,1.0,1.0,9,9,9,0,0,18,18,27.0,699.0,1
458,1.0,0,36.0,0.0,1.0,1.0,9,9,9,0,0,18,18,27.0,699.0,1
459,0.9978150123237483,2,33.66713265324753,2.3328673467524723,0.9351981292568757,0.7777777777777778,9,9,7,2,0,18,14,27.0,699.4450379944709,0
460,0.998857857979326,1,35.25245134948601,0.7475486505139912,0.9792347597079447,0.8888888888888888,9,9,8,1,0,18,16,27.0,698.7607379446516,0
461,0.9965464621014133,1,35.3979800700537,0.6020199299463016,0.9832772241681583,0.8888888888888888,9,9,8,1,0,18,16,27.0,696.6181631855674,0
462,1.0,0,36.0,0.0,1.0,1.0,9,9,9,0,0,18,18,27.0,699.0,1
463,1.0,0,36.0,0.0,1.0,1.0,9,9,9,0,0,18,18,27.0,699.0,1
464,1.0,0,36.0,0.0,1.0,1.0,9,9,9,0,0,18,18,27.0,699.0,1
465,0.9994815114855848,1,34.55878389050109,1.4412161094989102,0.9599662191805858,0.8888888888888888,9,9,8,1,0,18,16,27.0,699.9932420330442,0
466,0.9938703218241158,1,33.598249429187305,2.4017505708126947,0.933284706366314,0.8888888888888888,9,9,8,1,0,18,16,27.0,696.1057086268488,0
467,0.999714672932448,1,35.37152641410999,0.6284735858900135,0.9825424003919441,0.8888888888888888,9,9,8,1,0,18,16,27.0,699.3819509995251,0
468,1.0,0,36.0,0.0,1.0,1.0,9,9,9,0,0,18,18,27.0,699.0,1
469,1.0,0,36.0,0.0,1.0,1.0,9,9,9,0,0,18,18,27.0,699.0,1
470,1.0,0,36.0,0.0,1.0,1.0,9,9,9,0,0,18,18,27.0,699.0,1
471,0.9952918090907622,1,33.60691434777789,2.393085652222112,0.9335253985493858,0.8888888888888888,9,9,8,1,0,18,16,27.0,697.3252087066405,0
472,1.0,0,36.0,0.0,1.0,1.0,9,9,9,0,0,18,18,27.0,699.0,1
473,1.0,0,36.0,0.0,1.0,1.0,9,9,9,0,0,18,18,27.0,699.0,1
474,1.0,0,36.0,0.0,1.0,1.0,9,9,9,0,0,18,18,27.0,699.0,1
475,1.0,0,36.0,0.0,1.0,1.0,9,9,9,0,0,18,18,27.0,699.0,1
476,0.9883118665981249,1,34.447150292954575,1.552849707045425,0.9568652859154049,0.8888888888888888,9,9,8,1,0,18,16,27.0,690.4543024478253,0
477,1.0,0,36.0,0.0,1.0,1.0,9,9,9,0,0,18,18,27.0,699.0,1
478,1.0,0,36.0,0.0,1.0,1.0,9,9,9,0,0,18,18,27.0,699.0,1
479,0.9901328494533053,1,35.96877494601999,0.031225053980008965,0.9991326373894442,0.8888888888888888,9,9,8,1,0,18,16,27.0,690.5060069816357,0
480,1.0,0,36.0,0.0,1.0,1.0,9,9,9,0,0,18,18,27.0,699.0,1
481,0.9991269731173209,1,34.85876853411965,1.1412314658803524,0.968299125947768,0.8888888888888888,9,9,8,1,0,18,16,27.0,699.3869362392456,0
482,1.0,0,36.0,0.0,1.0,1.0,9,9,9,0,0,18,18,27.0,699.0,1
483,1.0,0,36.0,0.0,1.0,1.0,9,9,9,0,0,18,18,27.0,699.0,1
484,1.0,0,36.0,0.0,1.0,1.0,9,9,9,0,0,18,18,27.0,699.0,1
485,1.0,0,36.0,0.0,1.0,1.0,9,9,9,0,0,18,18,27.0,699.0,1
486,1.0,0,36.0,0.0,1.0,1.0,9,9,9,0,0,18,18,27.0,699.0,1
487,1.0,0,36.0,0.0,1.0,1.0,9,9,9,0,0,18,18,27.0,699.0,1
488,1.0,0,36.0,0.0,1.0,1.0,9,9,9,0,0,18,18,27.0,699.0,1
489,1.0,0,36.0,0.0,1.0,1.0,9,9,9,0,0,18,18,27.0,699.0,1
490,1.0,0,36.0,0.0,1.0,1.0,9,9,9,0,0,18,18,27.0,699.0,1
491,1.0,0,36.0,0.0,1.0,1.0,9,9,9,0,0,18,18,27.0,699.0,1
492,1.0,0,36.0,0.0,1.0,1.0,9,9,9,0,0,18,18,27.0,699.0,1
493,1.0,0,36.0,0.0,1.0,1.0,9,9,9,0,0,18,18,27.0,699.0,1
494,1.0,0,36.0,0.0,1.0,1.0,9,9,9,0,0,18,18,27.0,699.0,1
495,1.0,0,36.0,0.0,1.0,1.0,9,9,9,0,0,18,18,27.0,699.0,1
496,1.0,0,36.0,0.0,1.0,1.0,9,9,9,0,0,18,18,27.0,699.0,1
497,0.9994177624589063,1,35.33453689302874,0.6654631069712593,0.9815149136952428,0.8888888888888888,9,9,8,1,0,18,16,27.0,699.1624098714663,0
498,0.997575758361787,1,33.186614853748154,2.8133851462518464,0.9218504126041154,0.8888888888888888,9,9,8,1,0,18,16,27.0,699.7188403708358,0
499,1.0,0,36.0,0.0,1.0,1.0,9,9,9,0,0,18,18,27.0,699.0,1
500,1.0,0,36.0,0.0,1.0,1.0,9,9,9,0,0,18,18,27.0,699.0,1
501,0.9913343035237953,1,35.11356600847785,0.8864339915221535,0.9753768335688291,0.8888888888888888,9,9,8,1,0,18,16,27.0,692.3992722360813,0
502,1.0,0,36.0,0.0,1.0,1.0,9,9,9,0,0,18,18,27.0,699.0,1
503,0.9980793091758832,1,32.75499506186162,3.245004938138379,0.9098609739406006,0.8888888888888888,9,9,8,1,0,18,16,27.0,700.5855280661012,0
504,0.9981855278399581,1,32.052096014221576,3.9479039857784244,0.8903360003950438,0.8888888888888888,9,9,8,1,0,18,16,27.0,701.3802000395021,0
505,1.0,0,36.0,0.0,1.0,1.0,9,9,9,0,0,18,18,27.0,699.0,1
506,1.0,0,36.0,0.0,1.0,1.0,9,9,9,0,0,18,18,27.0,699.0,1
507,0.9998299005180753,1,35.9945402064795,0.005459793520500966,0.9998483390688749,0.8888888888888888,9,9,8,1,0,18,16,27.0,698.8584938411376,0
508,1.0,0,36.0,0.0,1.0,1.0,9,9,9,0,0,18,18,27.0,699.0,1
509,0.9995057582753875,1,34.364028660115,1.6359713398850033,0.954556351669861,0.8888888888888888,9,9,8,1,0,18,16,27.0,700.2089464898198,0
510,0.9984807429404349,2,33.59070157581181,2.4092984241881865,0.9330750437725503,0.7777777777777778,9,9,7,2,0,18,14,27.0,700.0966603247239,0
511,1.0,0,36.0,0.0,1.0,1.0,9,9,9,0,0,18,18,27.0,699.0,1
512,1.0,0,36.0,0.0,1.0,1.0,9,9,9,0,0,18,18,27.0,699.0,1
513,1.0,0,36.0,0.0,1.0,1.0,9,9,9,0,0,18,18,27.0,699.0,1
514,1.0,0,36.0,0.0,1.0,1.0,9,9,9,0,0,18,18,27.0,699.0,1
515,1.0,0,36.0,0.0,1.0,1.0,9,9,9,0,0,18,18,27.0,699.0,1
516,0.9987227307330134,1,35.39239982394891,0.6076001760510934,0.9831222173319141,0.8888888888888888,9,9,8,1,0,18,16,27.0,698.5040395293746,0
517,1.0,0,36.0,0.0,1.0,1.0,9,9,9,0,0,18,18,27.0,699.0,1
518,1.0,0,36.0,0.0,1.0,1.0,9,9,9,0,0,18,18,27.0,699.0,1
519,1.0,0,36.0,0.0,1.0,1.0,9,9,9,0,0,18,18,27.0,699.0,1
520,0.9975710246927053,2,32.01254847135833,3.987451528641671,0.8892374575377313,0.7777777777777778,9,9,7,2,0,18,14,27.0,700.888816863139,0
521,0.9934940338499589,1,35.00847102436181,0.9915289756381895,0.9724575284544947,0.8888888888888888,9,9,8,1,0,18,16,27.0,694.3703742220027,0
522,0.9971570111809694,1,32.524149247369635,3.4758507526303646,0.9034485902047121,0.8888888888888888,9,9,8,1,0,18,16,27.0,700.019508412988,0
523,0.998558453526845,1,33.64856464995165,2.351435350048348,0.9346823513875459,0.8888888888888888,9,9,8,1,0,18,16,27.0,700.1059391972424,0
524,1.0,0,36.0,0.0,1.0,1.0,9,9,9,0,0,18,18,27.0,699.0,1
525,0.9939283992185951,1,35.79553550553129,0.2044644944687093,0.9943204307092025,0.8888888888888888,9,9,8,1,0,18,16,27.0,693.958601419335,0
526,0.9990029080018383,1,32.88324772783429,3.116752272165712,0.9134235479953969,0.8888888888888888,9,9,8,1,0,18,16,27.0,701.255264785754,0
527,1.0,0,36.0,0.0,1.0,1.0,9,9,9,0,0,18,18,27.0,699.0,1
528,1.0,0,36.0,0.0,1.0,1.0,9,9,9,0,0,18,18,27.0,699.0,1
529,1.0,0,36.0,0.0,1.0,1.0,9,9,9,0,0,18,18,27.0,699.0,1
530,1.0,0,36.0,0.0,1.0,1.0,9,9,9,0,0,18,18,27.0,699.0,1
531,1.0,0,36.0,0.0,1.0,1.0,9,9,9,0,0,18,18,27.0,699.0,1
532,0.9993599005491487,1,32.09558397852334,3.9044160214766634,0.891543999403426,0.8888888888888888,9,9,8,1,0,18,16,27.0,702.3513700959411,0
533,0.999995328996627,1,32.01677726966488,3.9832227303351218,0.8893549241573577,0.8888888888888888,9,9,8,1,0,18,16,27.0,702.9791869834208,0
534,1.0,0,36.0,0.0,1.0,1.0,9,9,9,0,0,18,18,27.0,699.0,1
535,0.9973387468863215,2,33.03789145599272,2.962108544007279,0.9177192071109089,0.7777777777777778,9,9,7,2,0,18,14,27.0,699.662785853789,0
536,1.0,0,36.0,0.0,1.0,1.0,9,9,9,0,0,18,18,27.0,699.0,1
537,0.9977344669655821,1,34.07452542954023,1.9254745704597696,0.9465145952650064,0.8888888888888888,9,9,8,1,0,18,16,27.0,698.9680540287227,0
538,1.0,0,36.0,0.0,1.0,1.0,9,9,9,0,0,18,18,27.0,699.0,1
539,0.9979881341109841,1,34.863549898291964,1.1364501017080357,0.9684319416192212,0.8888888888888888,9,9,8,1,0,18,16,27.0,698.3981979735984,0
540,1.0,0,36.0,0.0,1.0,1.0,9,9,9,0,0,18,18,27.0,699.0,1
541,1.0,0,36.0,0.0,1.0,1.0,9,9,9,0,0,18,18,27.0,699.0,1
542,1.0,0,36.0,0.0,1.0,1.0,9,9,9,0,0,18,18,27.0,699.0,1
543,0.9978525692861526,1,35.568244395653124,0.43175560434687554,0.9880067887681423,0.8888888888888888,9,9,8,1,0,18,16,27.0,697.5763754675828,0
544,0.9971588606642465,2,29.361677653283003,6.638322346716997,0.815602157035639,0.7777777777777778,9,9,7,2,0,18,14,27.0,703.1835779606262,0
545,1.0,0,36.0,0.0,1.0,1.0,9,9,9,0,0,18,18,27.0,699.0,1
546,0.9888956091055259,1,35.88480519975172,0.11519480024828255,0.9968001444375477,0.8888888888888888,9,9,8,1,0,18,16,27.0,689.5210010674227,0
547,1.0,0,36.0,0.0,1.0,1.0,9,9,9,0,0,18,18,27.0,699.0,1
548,1.0,0,36.0,0.0,1.0,1.0,9,9,9,0,0,18,18,27.0,699.0,1
549,0.9915963764399434,1,35.90102406987694,0.09897593012306061,0.9972506686076927,0.8888888888888888,9,9,8,1,0,18,16,27.0,691.8382451742341,0
550,1.0,0,36.0,0.0,1.0,1.0,9,9,9,0,0,18,18,27.0,699.0,1
551,0.9975176104709789,1,34.52721593364129,1.472784066358713,0.9590893314900357,0.8888888888888888,9,9,8,1,0,18,16,27.0,698.3279995132846,0
552,1.0,0,36.0,0.0,1.0,1.0,9,9,9,0,0,18,18,27.0,699.0,1
553,1.0,0,36.0,0.0,1.0,1.0,9,9,9,0,0,18,18,27.0,699.0,1
554,1.0,0,36.0,0.0,1.0,1.0,9,9,9,0,0,18,18,27.0,699.0,1
555,0.9988790641062473,1,35.84544077566298,0.15455922433702085,0.9957066882128606,0.8888888888888888,9,9,8,1,0,18,16,27.0,698.1860706121346,0
556,0.9981207228786987,1,34.89245472026296,1.1075452797370389,0.9692348533406379,0.8888888888888888,9,9,8,1,0,18,16,27.0,698.4838498469327,0
557,1.0,0,36.0,0.0,1.0,1.0,9,9,9,0,0,18,18,27.0,699.0,1
558,0.9971894994358895,1,33.90561792225577,2.0943820777442284,0.9418227200626603,0.8888888888888888,9,9,8,1,0,18,16,27.0,698.6661095903526,0
559,0.9981351225313725,1,34.468059043636586,1.5319409563634139,0.9574460845454608,0.8888888888888888,9,9,8,1,0,18,16,27.0,698.9206868234694,0
560,1.0,0,36.0,0.0,1.0,1.0,9,9,9,0,0,18,18,27.0,699.0,1
561,1.0,0,36.0,0.0,1.0,1.0,9,9,9,0,0,18,18,27.0,699.0,1
562,0.9981160535027273,1,32.51375014979148,3.486249850208523,0.9031597263830966,0.8888888888888888,9,9,8,1,0,18,16,27.0,700.8585200765649,0
563,1.0,0,36.0,0.0,1.0,1.0,9,9,9,0,0,18,18,27.0,699.0,1
564,1.0,0,36.0,0.0,1.0,1.0,9,9,9,0,0,18,18,27.0,699.0,1
565,1.0,0,36.0,0.0,1.0,1.0,9,9,9,0,0,18,18,27.0,699.0,1
566,1.0,0,36.0,0.0,1.0,1.0,9,9,9,0,0,18,18,27.0,699.0,1
567,0.9986341944004219,1,32.40260829241477,3.5973917075852313,0.9000724525670769,0.8888888888888888,9,9,8,1,0,18,16,27.0,701.4173356695497,0
568,1.0,0,36.0,0.0,1.0,1.0,9,9,9,0,0,18,18,27.0,699.0,1
569,1.0,0,36.0,0.0,1.0,1.0,9,9,9,0,0,18,18,27.0,699.0,1
570,1.0,0,36.0,0.0,1.0,1.0,9,9,9,0,0,18,18,27.0,699.0,1
571,0.998431850588567,1,35.08393826628304,0.9160617337169583,0.9745538407300844,0.8888888888888888,9,9,8,1,0,18,16,27.0,698.5611806422387,0
572,1.0,0,36.0,0.0,1.0,1.0,9,9,9,0,0,18,18,27.0,699.0,1
573,0.9999764355632202,1,35.21187817151683,0.7881218284831704,0.9781077269865786,0.8888888888888888,9,9,8,1,0,18,16,27.0,699.7677621551055,0
574,0.9994492945746016,1,33.70878144434046,2.2912185556595404,0.9363550401205684,0.8888888888888888,9,9,8,1,0,18,16,27.0,700.8154090681154,0
575,0.9996863125842097,1,35.84456026995005,0.15543973004994882,0.9956822297208348,0.8888888888888888,9,9,8,1,0,18,16,27.0,698.8844138028071,0
576,1.0,0,36.0,0.0,1.0,1.0,9,9,9,0,0,18,18,27.0,699.0,1
577,1.0,0,36.0,0.0,1.0,1.0,9,9,9,0,0,18,18,27.0,699.0,1
578,1.0,0,36.0,0.0,1.0,1.0,9,9,9,0,0,18,18,27.0,699.0,1
579,1.0,0,36.0,0.0,1.0,1.0,9,9,9,0,0,18,18,27.0,699.0,1
580,1.0,0,36.0,0.0,1.0,1.0,9,9,9,0,0,18,18,27.0,699.0,1
581,1.0,0,36.0,0.0,1.0,1.0,9,9,9,0,0,18,18,27.0,699.0,1
582,1.0,0,36.0,0.0,1.0,1.0,9,9,9,0,0,18,18,27.0,699.0,1
583,1.0,0,36.0,0.0,1.0,1.0,9,9,9,0,0,18,18,27.0,699.0,1
584,1.0,0,36.0,0.0,1.0,1.0,9,9,9,0,0,18,18,27.0,699.0,1
585,1.0,0,36.0,0.0,1.0,1.0,9,9,9,0,0,18,18,27.0,699.0,1
586,0.9983816774616671,1,34.40711105041562,1.5928889495843777,0.9557530847337673,0.8888888888888888,9,9,8,1,0,18,16,27.0,699.1946582764647,0
587,1.0,0,36.0,0.0,1.0,1.0,9,9,9,0,0,18,18,27.0,699.0,1
588,0.9993509185920991,1,34.29022700849909,1.7097729915009126,0.9525063057916413,0.8888888888888888,9,9,8,1,0,18,16,27.0,700.1489666550747,0
589,1.0,0,36.0,0.0,1.0,1.0,9,9,9,0,0,18,18,27.0,699.0,1
590,1.0,0,36.0,0.0,1.0,1.0,9,9,9,0,0,18,18,27.0,699.0,1
591,1.0,0,36.0,0.0,1.0,1.0,9,9,9,0,0,18,18,27.0,699.0,1
592,0.996955896736845,2,29.366599798757278,6.633400201242722,0.8157388832988133,0.7777777777777778,9,9,7,2,0,18,14,27.0,703.0032949818768,0
593,0.9990366001333535,1,32.429866055814585,3.5701339441854145,0.9008296126615163,0.8888888888888888,9,9,8,1,0,18,16,27.0,701.7377564594028,0
594,1.0,0,36.0,0.0,1.0,1.0,9,9,9,0,0,18,18,27.0,699.0,1
595,0.9990331973995971,1,35.68277957689457,0.3172204231054323,0.9911883215804047,0.8888888888888888,9,9,8,1,0,18,16,27.0,698.4819029763573,0
596,1.0,0,36.0,0.0,1.0,1.0,9,9,9,0,0,18,18,27.0,699.0,1
597,1.0,0,36.0,0.0,1.0,1.0,9,9,9,0,0,18,18,27.0,699.0,1
598,1.0,0,36.0,0.0,1.0,1.0,9,9,9,0,0,18,18,27.0,699.0,1
599,1.0,0,36.0,0.0,1.0,1.0,9,9,9,0,0,18,18,27.0,699.0,1
600,1.0,0,36.0,0.0,1.0,1.0,9,9,9,0,0,18,18,27.0,699.0,1
601,1.0,0,36.0,0.0,1.0,1.0,9,9,9,0,0,18,18,27.0,699.0,1
602,1.0,0,36.0,0.0,1.0,1.0,9,9,9,0,0,18,18,27.0,699.0,1
603,0.9902686710014934,1,32.9696100946612,3.030389905338801,0.9158225026294777,0.8888888888888888,9,9,8,1,0,18,16,27.0,693.6225216506291,0
604,1.0,0,36.0,0.0,1.0,1.0,9,9,9,0,0,18,18,27.0,699.0,1
605,1.0,0,36.0,0.0,1.0,1.0,9,9,9,0,0,18,18,27.0,699.0,1
606,1.0,0,36.0,0.0,1.0,1.0,9,9,9,0,0,18,18,27.0,699.0,1
607,1.0,0,36.0,0.0,1.0,1.0,9,9,9,0,0,18,18,27.0,699.0,1
608,1.0,0,36.0,0.0,1.0,1.0,9,9,9,0,0,18,18,27.0,699.0,1
609,1.0,0,36.0,0.0,1.0,1.0,9,9,9,0,0,18,18,27.0,699.0,1
610,1.0,0,36.0,0.0,1.0,1.0,9,9,9,0,0,18,18,27.0,699.0,1
611,1.0,0,36.0,0.0,1.0,1.0,9,9,9,0,0,18,18,27.0,699.0,1
612,1.0,0,36.0,0.0,1.0,1.0,9,9,9,0,0,18,18,27.0,699.0,1
613,1.0,0,36.0,0.0,1.0,1.0,9,9,9,0,0,18,18,27.0,699.0,1
614,1.0,0,36.0,0.0,1.0,1.0,9,9,9,0,0,18,18,27.0,699.0,1
615,0.9986810425913629,1,32.84591930267628,3.154080697323721,0.9123866472965633,0.8888888888888888,9,9,8,1,0,18,16,27.0,701.0145014962612,0
616,1.0,0,36.0,0.0,1.0,1.0,9,9,9,0,0,18,18,27.0,699.0,1
617,1.0,0,36.0,0.0,1.0,1.0,9,9,9,0,0,18,18,27.0,699.0,1
618,0.9950914858177407,2,31.19268986686235,4.807310133137651,0.866463607412843,0.7777777777777778,9,9,7,2,0,18,14,27.0,699.5663538796656,0
619,1.0,0,36.0,0.0,1.0,1.0,9,9,9,0,0,18,18,27.0,699.0,1
620,0.9994949773109496,1,34.86943741348881,1.1305625865111892,0.9685954837080225,0.8888888888888888,9,9,8,1,0,18,16,27.0,699.6942229831718,0
621,1.0,0,36.0,0.0,1.0,1.0,9,9,9,0,0,18,18,27.0,699.0,1
622,1.0,0,36.0,0.0,1.0,1.0,9,9,9,0,0,18,18,27.0,699.0,1
623,1.0,0,36.0,0.0,1.0,1.0,9,9,9,0,0,18,18,27.0,699.0,1
624,0.998804273418243,1,32.527290826285835,3.472709173714165,0.9035358562857176,0.8888888888888888,9,9,8,1,0,18,16,27.0,701.4396014070762,0
625,0.9994105642213087,1,35.40227462665743,0.5977253733425698,0.9833965174071508,0.8888888888888888,9,9,8,1,0,18,16,27.0,699.0884528605534,0
626,1.0,0,36.0,0.0,1.0,1.0,9,9,9,0,0,18,18,27.0,699.0,1
627,1.0,0,36.0,0.0,1.0,1.0,9,9,9,0,0,18,18,27.0,699.0,1
628,1.0,0,36.0,0.0,1.0,1.0,9,9,9,0,0,18,18,27.0,699.0,1
629,0.9924392160685322,1,34.53087922012958,1.4691207798704227,0.9591910894480438,0.8888888888888888,9,9,8,1,0,18,16,27.0,693.9366034630823,0
630,1.0,0,36.0,0.0,1.0,1.0,9,9,9,0,0,18,18,27.0,699.0,1
631,0.9994920274165474,1,34.602429948423406,1.3975700515765936,0.9611786096784279,0.8888888888888888,9,9,8,1,0,18,16,27.0,699.9586817394735,0
632,0.9989793105905976,1,35.897299138276374,0.10270086172362625,0.9971471982854548,0.8888888888888888,9,9,8,1,0,18,16,27.0,698.220825212,0
633,1.0,0,36.0,0.0,1.0,1.0,9,9,9,0,0,18,18,27.0,699.0,1
634,1.0,0,36.0,0.0,1.0,1.0,9,9,9,0,0,18,18,27.0,699.0,1
635,1.0,0,36.0,0.0,1.0,1.0,9,9,9,0,0,18,18,27.0,699.0,1
636,0.9947915818003952,1,34.36027613605836,1.63972386394164,0.95445211489051,0.8888888888888888,9,9,8,1,0,18,16,27.0,696.1396505394831,0
637,1.0,0,36.0,0.0,1.0,1.0,9,9,9,0,0,18,18,27.0,699.0,1
638,1.0,0,36.0,0.0,1.0,1.0,9,9,9,0,0,18,18,27.0,699.0,1
639,1.0,0,36.0,0.0,1.0,1.0,9,9,9,0,0,18,18,27.0,699.0,1
640,1.0,0,36.0,0.0,1.0,1.0,9,9,9,0,0,18,18,27.0,699.0,1
641,1.0,0,36.0,0.0,1.0,1.0,9,9,9,0,0,18,18,27.0,699.0,1
642,0.9992611752377295,1,33.06413534449193,2.9358646555080696,0.9184482040136648,0.8888888888888888,9,9,8,1,0,18,16,27.0,701.2975200609064,0
643,0.9982477062033797,1,33.51545933439239,2.4845406656076108,0.9309849815108997,0.8888888888888888,9,9,8,1,0,18,16,27.0,699.9705588253277,0
644,1.0,0,36.0,0.0,1.0,1.0,9,9,9,0,0,18,18,27.0,699.0,1
645,1.0,0,36.0,0.0,1.0,1.0,9,9,9,0,0,18,18,27.0,699.0,1
646,1.0,0,36.0,0.0,1.0,1.0,9,9,9,0,0,18,18,27.0,699.0,1
647,1.0,0,36.0,0.0,1.0,1.0,9,9,9,0,0,18,18,27.0,699.0,1
648,1.0,0,36.0,0.0,1.0,1.0,9,9,9,0,0,18,18,27.0,699.0,1
649,1.0,0,36.0,0.0,1.0,1.0,9,9,9,0,0,18,18,27.0,699.0,1
650,1.0,0,36.0,0.0,1.0,1.0,9,9,9,0,0,18,18,27.0,699.0,1
651,1.0,0,36.0,0.0,1.0,1.0,9,9,9,0,0,18,18,27.0,699.0,1
652,1.0,0,36.0,0.0,1.0,1.0,9,9,9,0,0,18,18,27.0,699.0,1
653,1.0,0,36.0,0.0,1.0,1.0,9,9,9,0,0,18,18,27.0,699.0,1
654,0.9961319345386558,1,33.96096808753409,2.0390319124659086,0.9433602246537247,0.8888888888888888,9,9,8,1,0,18,16,27.0,697.6970233538646,0
655,0.9992685875785311,1,32.750719970107326,3.249280029892674,0.9097422213918702,0.8888888888888888,9,9,8,1,0,18,16,27.0,701.6173396977435,0
656,0.9966918441251232,1,32.330464818443886,3.669535181556114,0.8980684671789968,0.8888888888888888,9,9,8,1,0,18,16,27.0,699.8112885056627,0
657,1.0,0,36.0,0.0,1.0,1.0,9,9,9,0,0,18,18,27.0,699.0,1
658,1.0,0,36.0,0.0,1.0,1.0,9,9,9,0,0,18,18,27.0,699.0,1
659,0.9959805845052027,1,32.54443223015882,3.4555677698411813,0.9040120063933005,0.8888888888888888,9,9,8,1,0,18,16,27.0,698.9827927823364,0
660,1.0,0,36.0,0.0,1.0,1.0,9,9,9,0,0,18,18,27.0,699.0,1
661,0.994212147765299,1,35.35394216414896,0.6460578358510389,0.9820539490041378,0.8888888888888888,9,9,8,1,0,18,16,27.0,694.6453535050694,0
662,1.0,0,36.0,0.0,1.0,1.0,9,9,9,0,0,18,18,27.0,699.0,1
663,1.0,0,36.0,0.0,1.0,1.0,9,9,9,0,0,18,18,27.0,699.0,1
664,1.0,0,36.0,0.0,1.0,1.0,9,9,9,0,0,18,18,27.0,699.0,1
665,0.9997740999934713,1,33.87630516623196,2.1236948337680417,0.9410084768397766,0.8888888888888888,9,9,8,1,0,18,16,27.0,700.9285172281272,0
666,1.0,0,36.0,0.0,1.0,1.0,9,9,9,0,0,18,18,27.0,699.0,1
667,1.0,0,36.0,0.0,1.0,1.0,9,9,9,0,0,18,18,27.0,699.0,1
668,1.0,0,36.0,0.0,1.0,1.0,9,9,9,0,0,18,18,27.0,699.0,1
669,1.0,0,36.0,0.0,1.0,1.0,9,9,9,0,0,18,18,27.0,699.0,1
670,1.0,0,36.0,0.0,1.0,1.0,9,9,9,0,0,18,18,27.0,699.0,1
671,0.9945577238482637,3,30.50101235721715,5.498987642782851,0.8472503432560319,0.6666666666666666,9,9,6,3,0,18,12,27.0,699.7968610476828,0
672,1.0,0,36.0,0.0,1.0,1.0,9,9,9,0,0,18,18,27.0,699.0,1
673,1.0,0,36.0,0.0,1.0,1.0,9,9,9,0,0,18,18,27.0,699.0,1
674,0.9935685123904221,1,32.51883808593598,3.4811619140640175,0.9033010579426661,0.8888888888888888,9,9,8,1,0,18,16,27.0,696.9243566193887,0
675,1.0,0,36.0,0.0,1.0,1.0,9,9,9,0,0,18,18,27.0,699.0,1
676,1.0,0,36.0,0.0,1.0,1.0,9,9,9,0,0,18,18,27.0,699.0,1
677,1.0,0,36.0,0.0,1.0,1.0,9,9,9,0,0,18,18,27.0,699.0,1
678,1.0,0,36.0,0.0,1.0,1.0,9,9,9,0,0,18,18,27.0,699.0,1
679,1.0,0,36.0,0.0,1.0,1.0,9,9,9,0,0,18,18,27.0,699.0,1
680,0.9992016523063124,1,32.92121061740575,3.078789382594252,0.9144780727057152,0.8888888888888888,9,9,8,1,0,18,16,27.0,701.3890169752483,0
681,1.0,0,36.0,0.0,1.0,1.0,9,9,9,0,0,18,18,27.0,699.0,1
682,1.0,0,36.0,0.0,1.0,1.0,9,9,9,0,0,18,18,27.0,699.0,1
683,1.0,0,36.0,0.0,1.0,1.0,9,9,9,0,0,18,18,27.0,699.0,1
684,1.0,0,36.0,0.0,1.0,1.0,9,9,9,0,0,18,18,27.0,699.0,1
685,1.0,0,36.0,0.0,1.0,1.0,9,9,9,0,0,18,18,27.0,699.0,1
686,1.0,0,36.0,0.0,1.0,1.0,9,9,9,0,0,18,18,27.0,699.0,1
687,1.0,0,36.0,0.0,1.0,1.0,9,9,9,0,0,18,18,27.0,699.0,1
688,1.0,0,36.0,0.0,1.0,1.0,9,9,9,0,0,18,18,27.0,699.0,1
689,1.0,0,36.0,0.0,1.0,1.0,9,9,9,0,0,18,18,27.0,699.0,1
690,0.9976208256037564,1,35.48087002452762,0.5191299754723815,0.985579722903545,0.8888888888888888,9,9,8,1,0,18,16,27.0,697.463523297118,0
691,1.0,0,36.0,0.0,1.0,1.0,9,9,9,0,0,18,18,27.0,699.0,1
692,1.0,0,36.0,0.0,1.0,1.0,9,9,9,0,0,18,18,27.0,699.0,1
693,1.0,0,36.0,0.0,1.0,1.0,9,9,9,0,0,18,18,27.0,699.0,1
694,1.0,0,36.0,0.0,1.0,1.0,9,9,9,0,0,18,18,27.0,699.0,1
695,1.0,0,36.0,0.0,1.0,1.0,9,9,9,0,0,18,18,27.0,699.0,1
696,1.0,0,36.0,0.0,1.0,1.0,9,9,9,0,0,18,18,27.0,699.0,1
697,0.998474237113259,1,33.883818810239305,2.1161811897606952,0.941217189173314,0.8888888888888888,9,9,8,1,0,18,16,27.0,699.7979220556165,0
698,1.0,0,36.0,0.0,1.0,1.0,9,9,9,0,0,18,18,27.0,699.0,1
699,0.9975723504144154,1,33.610146345256695,2.3898536547433054,0.9336151762571304,0.8888888888888888,9,9,8,1,0,18,16,27.0,699.2923644127982,0
700,1.0,0,36.0,0.0,1.0,1.0,9,9,9,0,0,18,18,27.0,699.0,1
701,0.9994802002317554,1,32.4975783549736,3.502421645026402,0.9027105098603777,0.8888888888888888,9,9,8,1,0,18,16,27.0,702.0533146452631,0
702,1.0,0,36.0,0.0,1.0,1.0,9,9,9,0,0,18,18,27.0,699.0,1
703,1.0,0,36.0,0.0,1.0,1.0,9,9,9,0,0,18,18,27.0,699.0,1
704,0.9921889044301635,1,33.65706889707339,2.342931102926613,0.9349185804742608,0.8888888888888888,9,9,8,1,0,18,16,27.0,694.5941445305879,0
705,1.0,0,36.0,0.0,1.0,1.0,9,9,9,0,0,18,18,27.0,699.0,1
706,1.0,0,36.0,0.0,1.0,1.0,9,9,9,0,0,18,18,27.0,699.0,1
707,1.0,0,36.0,0.0,1.0,1.0,9,9,9,0,0,18,18,27.0,699.0,1
708,1.0,0,36.0,0.0,1.0,1.0,9,9,9,0,0,18,18,27.0,699.0,1
709,1.0,0,36.0,0.0,1.0,1.0,9,9,9,0,0,18,18,27.0,699.0,1
710,1.0,0,36.0,0.0,1.0,1.0,9,9,9,0,0,18,18,27.0,699.0,1
711,1.0,0,36.0,0.0,1.0,1.0,9,9,9,0,0,18,18,27.0,699.0,1
712,0.9942549667403243,2,33.70882355342488,2.291176446575122,0.9363562098173577,0.7777777777777778,9,9,7,2,0,18,14,27.0,696.3274677102154,0
713,1.0,0,36.0,0.0,1.0,1.0,9,9,9,0,0,18,18,27.0,699.0,1
714,1.0,0,36.0,0.0,1.0,1.0,9,9,9,0,0,18,18,27.0,699.0,1
715,1.0,0,36.0,0.0,1.0,1.0,9,9,9,0,0,18,18,27.0,699.0,1
716,0.9989133599030643,1,33.65989819475314,2.34010180524686,0.9349971720764761,0.8888888888888888,9,9,8,1,0,18,16,27.0,700.4012447614944,0
717,0.9969767829334478,1,33.52585685762293,2.4741431423770734,0.9312738016006369,0.8888888888888888,9,9,8,1,0,18,16,27.0,698.862083596876,0
718,1.0,0,36.0,0.0,1.0,1.0,9,9,9,0,0,18,18,27.0,699.0,1
719,1.0,0,36.0,0.0,1.0,1.0,9,9,9,0,0,18,18,27.0,699.0,1
720,0.9998781734627838,1,34.35078522614967,1.649214773850332,0.9541884785041574,0.8888888888888888,9,9,8,1,0,18,16,27.0,700.5439566456956,0
721,1.0,0,36.0,0.0,1.0,1.0,9,9,9,0,0,18,18,27.0,699.0,1
722,1.0,0,36.0,0.0,1.0,1.0,9,9,9,0,0,18,18,27.0,699.0,1
723,0.9990875833046954,1,32.52257887916142,3.477421120838578,0.9034049688655951,0.8888888888888888,9,9,8,1,0,18,16,27.0,701.6890930960953,0
724,1.0,0,36.0,0.0,1.0,1.0,9,9,9,0,0,18,18,27.0,699.0,1
725,0.9997891871406949,1,33.356599315509214,2.6434006844907856,0.9265722032085892,0.8888888888888888,9,9,8,1,0,18,16,27.0,701.4612583740512,0
726,1.0,0,36.0,0.0,1.0,1.0,9,9,9,0,0,18,18,27.0,699.0,1
727,0.9966071378360868,2,30.660246280744754,5.339753719255246,0.8516735077984654,0.7777777777777778,9,9,7,2,0,18,14,27.0,701.4083208096342,0
728,1.0,0,36.0,0.0,1.0,1.0,9,9,9,0,0,18,18,27.0,699.0,1
729,0.9995556793338513,1,35.48327982539284,0.5167201746071584,0.9856466618164679,0.8888888888888888,9,9,8,1,0,18,16,27.0,699.1328271190546,0
730,1.0,0,36.0,0.0,1.0,1.0,9,9,9,0,0,18,18,27.0,699.0,1
731,1.0,0,36.0,0.0,1.0,1.0,9,9,9,0,0,18,18,27.0,699.0,1
732,1.0,0,36.0,0.0,1.0,1.0,9,9,9,0,0,18,18,27.0,699.0,1
733,1.0,0,36.0,0.0,1.0,1.0,9,9,9,0,0,18,18,27.0,699.0,1
734,0.9963256066296309,1,34.50131935489793,1.4986806451020698,0.9583699820804981,0.8888888888888888,9,9,8,1,0,18,16,27.0,697.3240047731031,0
735,1.0,0,36.0,0.0,1.0,1.0,9,9,9,0,0,18,18,27.0,699.0,1
736,1.0,0,36.0,0.0,1.0,1.0,9,9,9,0,0,18,18,27.0,699.0,1
737,1.0,0,36.0,0.0,1.0,1.0,9,9,9,0,0,18,18,27.0,699.0,1
738,1.0,0,36.0,0.0,1.0,1.0,9,9,9,0,0,18,18,27.0,699.0,1
739,1.0,0,36.0,0.0,1.0,1.0,9,9,9,0,0,18,18,27.0,699.0,1
740,1.0,0,36.0,0.0,1.0,1.0,9,9,9,0,0,18,18,27.0,699.0,1
741,0.9956360405472684,1,32.765382160872925,3.2346178391270755,0.9101495044686924,0.8888888888888888,9,9,8,1,0,18,16,27.0,698.4641568719669,0
742,1.0,0,36.0,0.0,1.0,1.0,9,9,9,0,0,18,18,27.0,699.0,1
743,1.0,0,36.0,0.0,1.0,1.0,9,9,9,0,0,18,18,27.0,699.0,1
744,0.9985035678173103,1,34.57496412713088,1.4250358728691168,0.96041567019808,0.8888888888888888,9,9,8,1,0,18,16,27.0,699.1321184670251,0
745,0.9968160627797892,1,32.54719318510044,3.45280681489956,0.9040886995861234,0.8888888888888888,9,9,8,1,0,18,16,27.0,699.7018850566373,0
746,1.0,0,36.0,0.0,1.0,1.0,9,9,9,0,0,18,18,27.0,699.0,1
747,1.0,0,36.0,0.0,1.0,1.0,9,9,9,0,0,18,18,27.0,699.0,1
748,1.0,0,36.0,0.0,1.0,1.0,9,9,9,0,0,18,18,27.0,699.0,1
749,1.0,0,36.0,0.0,1.0,1.0,9,9,9,0,0,18,18,27.0,699.0,1
750,0.9982703020109215,1,32.933489779862626,3.066510220137374,0.9148191605517396,0.8888888888888888,9,9,8,1,0,18,16,27.0,700.5720511575736,0
751,1.0,0,36.0,0.0,1.0,1.0,9,9,9,0,0,18,18,27.0,699.0,1
752,1.0,0,36.0,0.0,1.0,1.0,9,9,9,0,0,18,18,27.0,699.0,1
753,0.9972876594141653,1,32.57973014980675,3.4202698501932502,0.9049925041612986,0.8888888888888888,9,9,8,1,0,18,16,27.0,700.0768075840322,0
754,1.0,0,36.0,0.0,1.0,1.0,9,9,9,0,0,18,18,27.0,699.0,1
755,1.0,0,36.0,0.0,1.0,1.0,9,9,9,0,0,18,18,27.0,699.0,1
756,1.0,0,36.0,0.0,1.0,1.0,9,9,9,0,0,18,18,27.0,699.0,1
757,1.0,0,36.0,0.0,1.0,1.0,9,9,9,0,0,18,18,27.0,699.0,1
758,1.0,0,36.0,0.0,1.0,1.0,9,9,9,0,0,18,18,27.0,699.0,1
759,0.9986720520044186,1,32.556389155639806,3.443610844360194,0.9043441432122168,0.8888888888888888,9,9,8,1,0,18,16,27.0,701.2962637761777,0
760,1.0,0,36.0,0.0,1.0,1.0,9,9,9,0,0,18,18,27.0,699.0,1
761,0.9978279395577375,1,32.54635167970193,3.453648320298072,0.9040653244361647,0.8888888888888888,9,9,8,1,0,18,16,27.0,700.5769880981834,0
762,1.0,0,36.0,0.0,1.0,1.0,9,9,9,0,0,18,18,27.0,699.0,1
763,1.0,0,36.0,0.0,1.0,1.0,9,9,9,0,0,18,18,27.0,699.0,1
764,1.0,0,36.0,0.0,1.0,1.0,9,9,9,0,0,18,18,27.0,699.0,1
765,1.0,0,36.0,0.0,1.0,1.0,9,9,9,0,0,18,18,27.0,699.0,1
766,0.99733216084652,1,32.88037028896753,3.1196297110324736,0.9133436191379869,0.8888888888888888,9,9,8,1,0,18,16,27.0,699.8146166824258,0
767,1.0,0,36.0,0.0,1.0,1.0,9,9,9,0,0,18,18,27.0,699.0,1
768,0.998014686198371,1,34.99478527443272,1.0052147255672779,0.9720773687342423,0.8888888888888888,9,9,8,1,0,18,16,27.0,698.2899036009597,0
769,1.0,0,36.0,0.0,1.0,1.0,9,9,9,0,0,18,18,27.0,699.0,1
770,1.0,0,36.0,0.0,1.0,1.0,9,9,9,0,0,18,18,27.0,699.0,1
771,1.0,0,36.0,0.0,1.0,1.0,9,9,9,0,0,18,18,27.0,699.0,1
772,1.0,0,36.0,0.0,1.0,1.0,9,9,9,0,0,18,18,27.0,699.0,1
773,0.9991619022434954,1,35.058035644516394,0.9419643554836057,0.9738343234587887,0.8888888888888888,9,9,8,1,0,18,16,27.0,699.2178478938637,0
774,1.0,0,36.0,0.0,1.0,1.0,9,9,9,0,0,18,18,27.0,699.0,1
775,1.0,0,36.0,0.0,1.0,1.0,9,9,9,0,0,18,18,27.0,699.0,1
776,1.0,0,36.0,0.0,1.0,1.0,9,9,9,0,0,18,18,27.0,699.0,1
777,1.0,0,36.0,0.0,1.0,1.0,9,9,9,0,0,18,18,27.0,699.0,1
778,0.9984383641752304,2,30.851532901316048,5.148467098683952,0.8569870250365569,0.7777777777777778,9,9,7,2,0,18,14,27.0,702.7992137460828,0
779,1.0,0,36.0,0.0,1.0,1.0,9,9,9,0,0,18,18,27.0,699.0,1
780,0.9989209147727003,1,32.78399655791915,3.216003442080847,0.9106665710533098,0.8888888888888888,9,9,8,1,0,18,16,27.0,701.283673805694,0
781,0.9987783992462903,1,33.21478478808989,2.7852152119101135,0.9226329107802747,0.8888888888888888,9,9,8,1,0,18,16,27.0,700.729752160705,0
782,1.0,0,36.0,0.0,1.0,1.0,9,9,9,0,0,18,18,27.0,699.0,1
783,0.9992562374257612,1,34.01380557815932,1.986194421840679,0.9448279327266478,0.8888888888888888,9,9,8,1,0,18,16,27.0,700.3435835576984,0
784,1.0,0,36.0,0.0,1.0,1.0,9,9,9,0,0,18,18,27.0,699.0,1
785,0.99277937043777,2,33.409464079243946,2.5905359207560537,0.9280406688678874,0.7777777777777778,9,9,7,2,0,18,14,27.0,695.3519119789894,0
786,1.0,0,36.0,0.0,1.0,1.0,9,9,9,0,0,18,18,27.0,699.0,1
787,0.998230914207432,1,33.60244354373317,2.397556456266827,0.9334012095481437,0.8888888888888888,9,9,8,1,0,18,16,27.0,699.869066331488,0
788,1.0,0,36.0,0.0,1.0,1.0,9,9,9,0,0,18,18,27.0,699.0,1
789,1.0,0,36.0,0.0,1.0,1.0,9,9,9,0,0,18,18,27.0,699.0,1
790,1.0,0,36.0,0.0,1.0,1.0,9,9,9,0,0,18,18,27.0,699.0,1
791,1.0,0,36.0,0.0,1.0,1.0,9,9,9,0,0,18,18,27.0,699.0,1
792,1.0,0,36.0,0.0,1.0,1.0,9,9,9,0,0,18,18,27.0,699.0,1
793,1.0,0,36.0,0.0,1.0,1.0,9,9,9,0,0,18,18,27.0,699.0,1
794,1.0,0,36.0,0.0,1.0,1.0,9,9,9,0,0,18,18,27.0,699.0,1
795,0.9978358891285443,1,32.823507838669,3.176492161330998,0.9117641066296945,0.8888888888888888,9,9,8,1,0,18,16,27.0,700.3067003683932,0
796,0.9982278824018976,1,32.472390048982646,3.5276099510173538,0.9020108346939624,0.8888888888888888,9,9,8,1,0,18,16,27.0,700.996500346257,0
797,1.0,0,36.0,0.0,1.0,1.0,9,9,9,0,0,18,18,27.0,699.0,1
798,0.998504106532168,1,33.32316832055357,2.6768316794464297,0.9256435644598214,0.8888888888888888,9,9,8,1,0,18,16,27.0,700.3843797232397,0
799,1.0,0,36.0,0.0,1.0,1.0,9,9,9,0,0,18,18,27.0,699.0,1
800,1.0,0,36.0,0.0,1.0,1.0,9,9,9,0,0,18,18,27.0,699.0,1
801,0.9932399634697433,1,33.81224050468191,2.1877594953180903,0.9392289029078308,0.8888888888888888,9,9,8,1,0,18,16,27.0,695.3470879331762,0
802,0.9995383745104122,1,32.79924622283998,3.200753777160017,0.9110901728566662,0.8888888888888888,9,9,8,1,0,18,16,27.0,701.8019093541561,0
803,1.0,0,36.0,0.0,1.0,1.0,9,9,9,0,0,18,18,27.0,699.0,1
804,1.0,0,36.0,0.0,1.0,1.0,9,9,9,0,0,18,18,27.0,699.0,1
805,1.0,0,36.0,0.0,1.0,1.0,9,9,9,0,0,18,18,27.0,699.0,1
806,1.0,0,36.0,0.0,1.0,1.0,9,9,9,0,0,18,18,27.0,699.0,1
807,1.0,0,36.0,0.0,1.0,1.0,9,9,9,0,0,18,18,27.0,699.0,1
808,1.0,0,36.0,0.0,1.0,1.0,9,9,9,0,0,18,18,27.0,699.0,1
809,1.0,0,36.0,0.0,1.0,1.0,9,9,9,0,0,18,18,27.0,699.0,1
810,0.9947912229992918,2,33.859990182228735,2.140009817771265,0.940555282839687,0.7777777777777778,9,9,7,2,0,18,14,27.0,696.6396264891595,0
811,0.9991403742933052,1,35.037097231584184,0.962902768415816,0.9732527008773384,0.8888888888888888,9,9,8,1,0,18,16,27.0,699.2201861578314,0
812,1.0,0,36.0,0.0,1.0,1.0,9,9,9,0,0,18,18,27.0,699.0,1
813,1.0,0,36.0,0.0,1.0,1.0,9,9,9,0,0,18,18,27.0,699.0,1
814,1.0,0,36.0,0.0,1.0,1.0,9,9,9,0,0,18,18,27.0,699.0,1
815,1.0,0,36.0,0.0,1.0,1.0,9,9,9,0,0,18,18,27.0,699.0,1
816,1.0,0,36.0,0.0,1.0,1.0,9,9,9,0,0,18,18,27.0,699.0,1
817,1.0,0,36.0,0.0,1.0,1.0,9,9,9,0,0,18,18,27.0,699.0,1
818,0.9991501454175917,1,33.46093899602036,2.53906100397964,0.9294705276672323,0.8888888888888888,9,9,8,1,0,18,16,27.0,700.8047866447789,0
819,1.0,0,36.0,0.0,1.0,1.0,9,9,9,0,0,18,18,27.0,699.0,1
820,0.9998925881165411,1,32.74680622432682,3.253193775673182,0.9096335062313005,0.8888888888888888,9,9,8,1,0,18,16,27.0,702.1603899083647,0
821,1.0,0,36.0,0.0,1.0,1.0,9,9,9,0,0,18,18,27.0,699.0,1
822,0.9999090832799488,1,33.66222242520733,2.3377775747926677,0.935061734033537,0.8888888888888888,9,9,8,1,0,18,16,27.0,701.2592255286684,0
823,0.9994984824379008,1,34.98286021940902,1.0171397805909805,0.9717461172058061,0.8888888888888888,9,9,8,1,0,18,16,27.0,699.5838286069373,0
824,0.9985194898916708,1,35.589088220447074,0.4109117795529258,0.9885857839013076,0.8888888888888888,9,9,8,1,0,18,16,27.0,698.1317510459564,0
825,1.0,0,36.0,0.0,1.0,1.0,9,9,9,0,0,18,18,27.0,699.0,1
826,1.0,0,36.0,0.0,1.0,1.0,9,9,9,0,0,18,18,27.0,699.0,1
827,1.0,0,36.0,0.0,1.0,1.0,9,9,9,0,0,18,18,27.0,699.0,1
828,0.9999254794818905,1,35.49961251243906,0.5003874875609426,0.9861003475677516,0.8888888888888888,9,9,8,1,0,18,16,27.0,699.4360017599145,0
829,1.0,0,36.0,0.0,1.0,1.0,9,9,9,0,0,18,18,27.0,699.0,1
830,1.0,0,36.0,0.0,1.0,1.0,9,9,9,0,0,18,18,27.0,699.0,1
831,0.9934496931235647,1,32.26605834989737,3.7339416501026292,0.8962793986082603,0.8888888888888888,9,9,8,1,0,18,16,27.0,697.0744765088625,0
832,0.9993996191470792,1,35.31755736172978,0.6824426382702171,0.9810432600480495,0.8888888888888888,9,9,8,1,0,18,16,27.0,699.1637135813467,0
833,1.0,0,36.0,0.0,1.0,1.0,9,9,9,0,0,18,18,27.0,699.0,1
834,0.9984577406449516,1,34.60773232909659,1.3922676709034079,0.9613258980304609,0.8888888888888888,9,9,8,1,0,18,16,27.0,699.0597555881416,0
835,1.0,0,36.0,0.0,1.0,1.0,9,9,9,0,0,18,18,27.0,699.0,1
836,1.0,0,36.0,0.0,1.0,1.0,9,9,9,0,0,18,18,27.0,699.0,1
837,0.9970883848646035,1,33.86142953571827,2.1385704642817274,0.9405952648810632,0.8888888888888888,9,9,8,1,0,18,16,27.0,698.6229349872992,0
838,1.0,0,36.0,0.0,1.0,1.0,9,9,9,0,0,18,18,27.0,699.0,1
839,1.0,0,36.0,0.0,1.0,1.0,9,9,9,0,0,18,18,27.0,699.0,1
840,1.0,0,36.0,0.0,1.0,1.0,9,9,9,0,0,18,18,27.0,699.0,1
841,1.0,0,36.0,0.0,1.0,1.0,9,9,9,0,0,18,18,27.0,699.0,1
842,0.9991584467949968,1,35.440129426604585,0.5598705733954148,0.9844480396279052,0.8888888888888888,9,9,8,1,0,18,16,27.0,698.8327686042726,0
843,0.9963830780545069,1,35.05250978142259,0.947490218577407,0.9736808272617387,0.8888888888888888,9,9,8,1,0,18,16,27.0,696.8224696576714,0
844,0.9956332812873009,1,32.24274751932853,3.757252480671468,0.8956318755369037,0.8888888888888888,9,9,8,1,0,18,16,27.0,698.9844075128995,0
845,1.0,0,36.0,0.0,1.0,1.0,9,9,9,0,0,18,18,27.0,699.0,1
846,1.0,0,36.0,0.0,1.0,1.0,9,9,9,0,0,18,18,27.0,699.0,1
847,1.0,0,36.0,0.0,1.0,1.0,9,9,9,0,0,18,18,27.0,699.0,1
848,1.0,0,36.0,0.0,1.0,1.0,9,9,9,0,0,18,18,27.0,699.0,1
849,1.0,0,36.0,0.0,1.0,1.0,9,9,9,0,0,18,18,27.0,699.0,1
850,0.9986936076082811,1,35.04368023872513,0.9563197612748695,0.9734355621868092,0.8888888888888888,9,9,8,1,0,18,16,27.0,698.8275967348297,0
851,1.0,0,36.0,0.0,1.0,1.0,9,9,9,0,0,18,18,27.0,699.0,1
852,0.9996873061786677,1,35.670264273922974,0.3297357260770255,0.9908406742756382,0.8888888888888888,9,9,8,1,0,18,16,27.0,699.0595682644459,0
853,1.0,0,36.0,0.0,1.0,1.0,9,9,9,0,0,18,18,27.0,699.0,1
854,1.0,0,36.0,0.0,1.0,1.0,9,9,9,0,0,18,18,27.0,699.0,1
855,1.0,0,36.0,0.0,1.0,1.0,9,9,9,0,0,18,18,27.0,699.0,1
856,1.0,0,36.0,0.0,1.0,1.0,9,9,9,0,0,18,18,27.0,699.0,1
857,1.0,0,36.0,0.0,1.0,1.0,9,9,9,0,0,18,18,27.0,699.0,1
858,1.0,0,36.0,0.0,1.0,1.0,9,9,9,0,0,18,18,27.0,699.0,1
859,0.9995065320261447,1,34.89858278824734,1.1014172117526613,0.969405077451315,0.8888888888888888,9,9,8,1,0,18,16,27.0,699.6750608823417,0
860,1.0,0,36.0,0.0,1.0,1.0,9,9,9,0,0,18,18,27.0,699.0,1
861,0.9958306816908257,2,30.31267208046739,5.68732791953261,0.8420186689018719,0.7777777777777778,9,9,7,2,0,18,14,27.0,701.0850369004061,0
862,0.9932628087384378,1,33.82325899996404,2.1767410000359604,0.9395349722212233,0.8888888888888888,9,9,8,1,0,18,16,27.0,695.3558077500461,0
863,0.9995541690252678,1,34.69017186046371,1.3098281395362932,0.9636158850128808,0.8888888888888888,9,9,8,1,0,18,16,27.0,699.9246301773677,0
864,1.0,0,36.0,0.0,1.0,1.0,9,9,9,0,0,18,18,27.0,699.0,1
865,1.0,0,36.0,0.0,1.0,1.0,9,9,9,0,0,18,18,27.0,699.0,1
866,0.9944535419846601,2,31.118534336572626,4.881465663427374,0.8644037315714619,0.7777777777777778,9,9,7,2,0,18,14,27.0,699.0893259381737,0
867,1.0,0,36.0,0.0,1.0,1.0,9,9,9,0,0,18,18,27.0,699.0,1
868,1.0,0,36.0,0.0,1.0,1.0,9,9,9,0,0,18,18,27.0,699.0,1
869,1.0,0,36.0,0.0,1.0,1.0,9,9,9,0,0,18,18,27.0,699.0,1
870,1.0,0,36.0,0.0,1.0,1.0,9,9,9,0,0,18,18,27.0,699.0,1
871,1.0,0,36.0,0.0,1.0,1.0,9,9,9,0,0,18,18,27.0,699.0,1
872,1.0,0,36.0,0.0,1.0,1.0,9,9,9,0,0,18,18,27.0,699.0,1
873,1.0,0,36.0,0.0,1.0,1.0,9,9,9,0,0,18,18,27.0,699.0,1
874,1.0,0,36.0,0.0,1.0,1.0,9,9,9,0,0,18,18,27.0,699.0,1
875,1.0,0,36.0,0.0,1.0,1.0,9,9,9,0,0,18,18,27.0,699.0,1
876,1.0,0,36.0,0.0,1.0,1.0,9,9,9,0,0,18,18,27.0,699.0,1
877,1.0,0,36.0,0.0,1.0,1.0,9,9,9,0,0,18,18,27.0,699.0,1
878,1.0,0,36.0,0.0,1.0,1.0,9,9,9,0,0,18,18,27.0,699.0,1
879,1.0,0,36.0,0.0,1.0,1.0,9,9,9,0,0,18,18,27.0,699.0,1
880,0.9991307264283587,1,34.00331744305612,1.996682556943881,0.9445365956404478,0.8888888888888888,9,9,8,1,0,18,16,27.0,700.2456301910458,0
881,1.0,0,36.0,0.0,1.0,1.0,9,9,9,0,0,18,18,27.0,699.0,1
882,1.0,0,36.0,0.0,1.0,1.0,9,9,9,0,0,18,18,27.0,699.0,1
883,0.9907643074049238,3,27.584164546935384,8.415835453064616,0.7662267929704273,0.6666666666666666,9,9,6,3,0,18,12,27.0,699.4361970509188,0
884,1.0,0,36.0,0.0,1.0,1.0,9,9,9,0,0,18,18,27.0,699.0,1
885,1.0,0,36.0,0.0,1.0,1.0,9,9,9,0,0,18,18,27.0,699.0,1
886,1.0,0,36.0,0.0,1.0,1.0,9,9,9,0,0,18,18,27.0,699.0,1
887,1.0,0,36.0,0.0,1.0,1.0,9,9,9,0,0,18,18,27.0,699.0,1
888,0.999699197885841,1,35.38279281767986,0.6172071823201435,0.9828553560466626,0.8888888888888888,9,9,8,1,0,18,16,27.0,699.3573141556868,0
889,1.0,0,36.0,0.0,1.0,1.0,9,9,9,0,0,18,18,27.0,699.0,1
890,1.0,0,36.0,0.0,1.0,1.0,9,9,9,0,0,18,18,27.0,699.0,1
891,1.0,0,36.0,0.0,1.0,1.0,9,9,9,0,0,18,18,27.0,699.0,1
892,1.0,0,36.0,0.0,1.0,1.0,9,9,9,0,0,18,18,27.0,699.0,1
893,1.0,0,36.0,0.0,1.0,1.0,9,9,9,0,0,18,18,27.0,699.0,1
894,0.999378667260653,1,35.62828085635468,0.371719143645322,0.9896744682320744,0.8888888888888888,9,9,8,1,0,18,16,27.0,698.8348876568496,0
895,1.0,0,36.0,0.0,1.0,1.0,9,9,9,0,0,18,18,27.0,699.0,1
896,1.0,0,36.0,0.0,1.0,1.0,9,9,9,0,0,18,18,27.0,699.0,1
897,1.0,0,36.0,0.0,1.0,1.0,9,9,9,0,0,18,18,27.0,699.0,1
898,0.9977826302282723,1,35.15855177938026,0.8414482206197391,0.9766264383161184,0.8888888888888888,9,9,8,1,0,18,16,27.0,697.9256407378471,0
899,1.0,0,36.0,0.0,1.0,1.0,9,9,9,0,0,18,18,27.0,699.0,1
900,1.0,0,36.0,0.0,1.0,1.0,9,9,9,0,0,18,18,27.0,699.0,1
901,0.9969034817516218,1,34.324302748451046,1.6756972515489537,0.9534528541236402,0.8888888888888888,9,9,8,1,0,18,16,27.0,698.0003054849501,0
902,1.0,0,36.0,0.0,1.0,1.0,9,9,9,0,0,18,18,27.0,699.0,1
903,1.0,0,36.0,0.0,1.0,1.0,9,9,9,0,0,18,18,27.0,699.0,1
904,1.0,0,36.0,0.0,1.0,1.0,9,9,9,0,0,18,18,27.0,699.0,1
905,0.9997393303688907,1,35.76810819957362,0.23189180042638213,0.9935585610992672,0.8888888888888888,9,9,8,1,0,18,16,27.0,699.006673239148,0
906,0.9996565983131303,1,33.744991082172916,2.255008917827084,0.9373608633936921,0.8888888888888888,9,9,8,1,0,18,16,27.0,700.9583098603715,0
907,1.0,0,36.0,0.0,1.0,1.0,9,9,9,0,0,18,18,27.0,699.0,1
908,1.0,0,36.0,0.0,1.0,1.0,9,9,9,0,0,18,18,27.0,699.0,1
909,0.9996544848650112,1,33.54049389182492,2.459506108175077,0.9316803858840257,0.8888888888888888,9,9,8,1,0,18,16,27.0,701.1609810315447,0
910,1.0,0,36.0,0.0,1.0,1.0,9,9,9,0,0,18,18,27.0,699.0,1
911,1.0,0,36.0,0.0,1.0,1.0,9,9,9,0,0,18,18,27.0,699.0,1
912,1.0,0,36.0,0.0,1.0,1.0,9,9,9,0,0,18,18,27.0,699.0,1
913,1.0,0,36.0,0.0,1.0,1.0,9,9,9,0,0,18,18,27.0,699.0,1
914,1.0,0,36.0,0.0,1.0,1.0,9,9,9,0,0,18,18,27.0,699.0,1
915,0.9978776961907061,1,32.29025129435743,3.7097487056425678,0.896951424843262,0.8888888888888888,9,9,8,1,0,18,16,27.0,700.8760782144127,0
916,1.0,0,36.0,0.0,1.0,1.0,9,9,9,0,0,18,18,27.0,699.0,1
917,1.0,0,36.0,0.0,1.0,1.0,9,9,9,0,0,18,18,27.0,699.0,1
918,0.9967483806261824,1,33.030434809409726,2.9695651905902736,0.917512078039159,0.8888888888888888,9,9,8,1,0,18,16,26.999999999999993,699.1601660516119,0
919,1.0,0,36.0,0.0,1.0,1.0,9,9,9,0,0,18,18,27.0,699.0,1
920,0.9964968042337113,1,33.21627588204234,2.783724117957661,0.9226743300567316,0.8888888888888888,9,9,8,1,0,18,16,27.0,698.7569629758843,0
921,1.0,0,36.0,0.0,1.0,1.0,9,9,9,0,0,18,18,27.0,699.0,1
922,1.0,0,36.0,0.0,1.0,1.0,9,9,9,0,0,18,18,27.0,699.0,1
923,0.9952161371570012,1,33.86334421250976,2.136655787490241,0.9406484503474933,0.8888888888888888,9,9,8,1,0,18,16,27.0,697.0033982911392,0
924,1.0,0,36.0,0.0,1.0,1.0,9,9,9,0,0,18,18,27.0,699.0,1
925,1.0,0,36.0,0.0,1.0,1.0,9,9,9,0,0,18,18,27.0,699.0,1
926,1.0,0,36.0,0.0,1.0,1.0,9,9,9,0,0,18,18,27.0,699.0,1
927,1.0,0,36.0,0.0,1.0,1.0,9,9,9,0,0,18,18,27.0,699.0,1
928,1.0,0,36.0,0.0,1.0,1.0,9,9,9,0,0,18,18,27.0,699.0,1
929,0.9999738708717891,1,33.33326865997304,2.6667313400269634,0.9259241294436955,0.8888888888888888,9,9,8,1,0,18,16,27.0,701.6441557732528,0
930,1.0,0,36.0,0.0,1.0,1.0,9,9,9,0,0,18,18,27.0,699.0,1
931,1.0,0,36.0,0.0,1.0,1.0,9,9,9,0,0,18,18,27.0,699.0,1
932,1.0,0,36.0,0.0,1.0,1.0,9,9,9,0,0,18,18,27.0,699.0,1
933,1.0,0,36.0,0.0,1.0,1.0,9,9,9,0,0,18,18,27.0,699.0,1
934,1.0,0,36.0,0.0,1.0,1.0,9,9,9,0,0,18,18,27.0,699.0,1
935,1.0,0,36.0,0.0,1.0,1.0,9,9,9,0,0,18,18,27.0,699.0,1
936,0.9996470424787401,1,35.91022074038469,0.08977925961531241,0.9975061316773525,0.8888888888888888,9,9,8,1,0,18,16,27.0,698.7848239612468,0
937,0.9991718925131133,1,33.157266722713146,2.842733277286854,0.9210351867420319,0.8888888888888888,9,9,8,1,0,18,16,27.0,701.1272484086168,0
938,0.9962118462125142,1,35.79591575948845,0.2040842405115484,0.9943309933191237,0.8888888888888888,9,9,8,1,0,18,16,27.0,695.931119368124,0
939,1.0,0,36.0,0.0,1.0,1.0,9,9,9,0,0,18,18,27.0,699.0,1
940,1.0,0,36.0,0.0,1.0,1.0,9,9,9,0,0,18,18,27.0,699.0,1
941,1.0,0,36.0,0.0,1.0,1.0,9,9,9,0,0,18,18,27.0,699.0,1
942,1.0,0,36.0,0.0,1.0,1.0,9,9,9,0,0,18,18,27.0,699.0,1
943,1.0,0,36.0,0.0,1.0,1.0,9,9,9,0,0,18,18,27.0,699.0,1
944,1.0,0,36.0,0.0,1.0,1.0,9,9,9,0,0,18,18,27.0,699.0,1
945,0.9980352154692608,1,34.23152750399976,1.7684724960002427,0.9508757639999933,0.8888888888888888,9,9,8,1,0,18,16,27.0,699.0708986614414,0
946,1.0,0,36.0,0.0,1.0,1.0,9,9,9,0,0,18,18,27.0,699.0,1
947,1.0,0,36.0,0.0,1.0,1.0,9,9,9,0,0,18,18,27.0,699.0,1
948,1.0,0,36.0,0.0,1.0,1.0,9,9,9,0,0,18,18,27.0,699.0,1
949,1.0,0,36.0,0.0,1.0,1.0,9,9,9,0,0,18,18,27.0,699.0,1
950,1.0,0,36.0,0.0,1.0,1.0,9,9,9,0,0,18,18,27.0,699.0,1
951,1.0,0,36.0,0.0,1.0,1.0,9,9,9,0,0,18,18,27.0,699.0,1
952,1.0,0,36.0,0.0,1.0,1.0,9,9,9,0,0,18,18,27.0,699.0,1
953,0.9944493353274616,1,35.217275302015324,0.7827246979846763,0.9782576472782034,0.8888888888888888,9,9,8,1,0,18,16,27.0,694.9869504209114,0
954,1.0,0,36.0,0.0,1.0,1.0,9,9,9,0,0,18,18,27.0,699.0,1
955,1.0,0,36.0,0.0,1.0,1.0,9,9,9,0,0,18,18,27.0,699.0,1
956,1.0,0,36.0,0.0,1.0,1.0,9,9,9,0,0,18,18,27.0,699.0,1
957,1.0,0,36.0,0.0,1.0,1.0,9,9,9,0,0,18,18,27.0,699.0,1
958,0.9911922636072851,1,32.08299608221809,3.917003917781912,0.8911943356171691,0.8888888888888888,9,9,8,1,0,18,16,27.0,695.3071196744763,0
959,1.0,0,36.0,0.0,1.0,1.0,9,9,9,0,0,18,18,27.0,699.0,1
960,1.0,0,36.0,0.0,1.0,1.0,9,9,9,0,0,18,18,27.0,699.0,1
961,1.0,0,36.0,0.0,1.0,1.0,9,9,9,0,0,18,18,27.0,699.0,1
962,0.999873939945091,1,33.89266827742651,2.107331722573491,0.9414630077062919,0.8888888888888888,9,9,8,1,0,18,16,27.0,700.998415835132,0
963,1.0,0,36.0,0.0,1.0,1.0,9,9,9,0,0,18,18,27.0,699.0,1
964,0.9988487157792983,1,35.582725084528676,0.41727491547132445,0.9884090301257965,0.8888888888888888,9,9,8,1,0,18,16,27.0,698.4225653487852,0
965,1.0,0,36.0,0.0,1.0,1.0,9,9,9,0,0,18,18,27.0,699.0,1
966,1.0,0,36.0,0.0,1.0,1.0,9,9,9,0,0,18,18,27.0,699.0,1
967,0.9975650885482596,1,32.94105580556233,3.0589441944376716,0.9150293279322869,0.8888888888888888,9,9,8,1,0,18,16,27.0,699.9551807001341,0
968,0.9988860635843627,1,32.58384018144505,3.416159818554952,0.9051066717068069,0.8888888888888888,9,9,8,1,0,18,16,27.0,701.4537187554442,0
969,0.9914675574385329,1,34.03332420571143,1.9666757942885695,0.9453701168253175,0.8888888888888888,9,9,8,1,0,18,16,27.0,693.594645421181,0
970,0.9987800605661312,2,30.559570512478444,5.4404294875215555,0.8488769586799568,0.7777777777777778,9,9,7,2,0,18,14,27.0,703.3864018166589,0
971,1.0,0,36.0,0.0,1.0,1.0,9,9,9,0,0,18,18,27.0,699.0,1
972,0.9931837318493927,2,30.80999535076188,5.190004649238119,0.85583320418783,0.7777777777777778,9,9,7,2,0,18,14,27.000000000000007,698.3007489671135,0
973,0.99989412942301,1,32.09004513748705,3.909954862512947,0.8913901427079737,0.8888888888888888,9,9,8,1,0,18,16,27.0,702.8184826839937,0
974,1.0,0,36.0,0.0,1.0,1.0,9,9,9,0,0,18,18,27.0,699.0,1
975,0.9990641839320786,1,32.515552291640546,3.484447708359454,0.9032097858789041,0.8888888888888888,9,9,8,1,0,18,16,27.0,701.6759026256755,0
976,1.0,0,36.0,0.0,1.0,1.0,9,9,9,0,0,18,18,27.0,699.0,1
977,1.0,0,36.0,0.0,1.0,1.0,9,9,9,0,0,18,18,27.0,699.0,1
978,1.0,0,36.0,0.0,1.0,1.0,9,9,9,0,0,18,18,27.0,699.0,1
979,0.9976059999435392,1,34.79257225572803,1.2074277442719676,0.9664603404368898,0.8888888888888888,9,9,8,1,0,18,16,27.0,698.1390116954899,0
980,0.9981827630315331,1,33.529098699967975,2.4709013000320255,0.9313638527768882,0.8888888888888888,9,9,8,1,0,18,16,27.0,699.9008085592766,0
981,1.0,0,36.0,0.0,1.0,1.0,9,9,9,0,0,18,18,27.0,699.0,1
982,1.0,0,36.0,0.0,1.0,1.0,9,9,9,0,0,18,18,27.0,699.0,1
983,1.0,0,36.0,0.0,1.0,1.0,9,9,9,0,0,18,18,27.0,699.0,1
984,1.0,0,36.0,0.0,1.0,1.0,9,9,9,0,0,18,18,27.0,699.0,1
985,1.0,0,36.0,0.0,1.0,1.0,9,9,9,0,0,18,18,27.0,699.0,1
986,0.9987646638784455,1,34.34303173284552,1.6569682671544825,0.9539731036901533,0.8888888888888888,9,9,8,1,0,18,16,27.0,699.5896378581315,0
987,1.0,0,36.0,0.0,1.0,1.0,9,9,9,0,0,18,18,27.0,699.0,1
988,1.0,0,36.0,0.0,1.0,1.0,9,9,9,0,0,18,18,27.0,699.0,1
989,0.9989862634251592,1,32.881336897658215,3.1186631023417846,0.9133704693793949,0.8888888888888888,9,9,8,1,0,18,16,27.0,701.2427947016793,0
990,1.0,0,36.0,0.0,1.0,1.0,9,9,9,0,0,18,18,27.0,699.0,1
991,1.0,0,36.0,0.0,1.0,1.0,9,9,9,0,0,18,18,27.0,699.0,1
992,1.0,0,36.0,0.0,1.0,1.0,9,9,9,0,0,18,18,27.0,699.0,1
993,1.0,0,36.0,0.0,1.0,1.0,9,9,9,0,0,18,18,27.0,699.0,1
994,1.0,0,36.0,0.0,1.0,1.0,9,9,9,0,0,18,18,27.0,699.0,1
995,1.0,0,36.0,0.0,1.0,1.0,9,9,9,0,0,18,18,27.0,699.0,1
996,0.9992206807622437,1,33.10584906033782,2.8941509396621825,0.9196069183427171,0.8888888888888888,9,9,8,1,0,18,16,27.0,701.2208191182408,0
997,1.0,0,36.0,0.0,1.0,1.0,9,9,9,0,0,18,18,27.0,699.0,1
998,0.9981368008829246,1,32.89072644576028,3.1092735542397207,0.9136312901600078,0.8888888888888888,9,9,8,1,0,18,16,27.0,700.4994695170866,0
999,1.0,0,36.0,0.0,1.0,1.0,9,9,9,0,0,18,18,27.0,699.0,1
1000,0.997896717467547,1,33.14357084489107,2.856429155108927,0.9206547456914187,0.8888888888888888,9,9,8,1,0,18,16,27.0,700.0391930470696,0
