replication,availability,failures,flight_aircraft_hours,flight_gap_aircraft_hours,STF,full_flight_windows,fully_met_three_days,preparation_aircraft_hours,fleet_downtime_hours,POWERPLANT_failures,AVIONICS_failures,ELECTRICAL_failures,HYDRAULIC_failures
1,1.0,0,36.0,0.0,1.0,9,1,9.0,0.0,0,0,0,0
2,1.0,0,36.0,0.0,1.0,9,1,9.0,0.0,0,0,0,0
3,0.9968351084000212,1,34.224481845501394,1.7755181544986058,0.9506800512639276,8,0,8.541051812117004,2.7344663423816016,0,0,0,1
4,1.0,0,36.0,0.0,1.0,9,1,9.0,0.0,0,0,0,0
5,0.9994260657919365,1,36.0,0.0,1.0,9,1,8.676323888311721,0.4958791557668043,0,0,0,1
6,0.9956395355870448,3,33.23255874720665,2.767441252793347,0.9231266318668515,5,0,8.5,3.767441252793347,0,2,0,1
7,1.0,0,36.0,0.0,1.0,9,1,9.0,0.0,0,0,0,0
8,0.9969040645014416,1,34.32511172924554,1.6748882707544581,0.9534753258123762,7,0,8.5,2.674888270754458,1,0,0,0
9,1.0,0,36.0,0.0,1.0,9,1,9.0,0.0,0,0,0,0
10,1.0,0,36.0,0.0,1.0,9,1,9.0,0.0,0,0,0,0
11,1.0,0,36.0,0.0,1.0,9,1,9.0,0.0,0,0,0,0
12,0.9968038081646042,1,34.23849025421807,1.7615097457819289,0.9510691737282797,7,0,8.5,2.761509745781929,0,0,0,1
13,1.0,0,36.0,0.0,1.0,9,1,9.0,0.0,0,0,0,0
14,1.0,0,36.0,0.0,1.0,9,1,9.0,0.0,0,0,0,0
15,1.0,0,36.0,0.0,1.0,9,1,9.0,0.0,0,0,0,0
16,1.0,0,36.0,0.0,1.0,9,1,9.0,0.0,0,0,0,0
17,0.9952472377967089,1,33.68532375150709,2.3146762484929084,0.9357034375418637,7,0,8.5,4.106386543643502,0,0,1,0
18,1.0,0,36.0,0.0,1.0,9,1,9.0,0.0,0,0,0,0
19,1.0,0,36.0,0.0,1.0,9,1,9.0,0.0,0,0,0,0
20,1.0,0,36.0,0.0,1.0,9,1,9.0,0.0,0,0,0,0
21,1.0,0,36.0,0.0,1.0,9,1,9.0,0.0,0,0,0,0
22,1.0,0,36.0,0.0,1.0,9,1,9.0,0.0,0,0,0,0
23,1.0,0,36.0,0.0,1.0,9,1,9.0,0.0,0,0,0,0
24,0.998879125091402,1,35.249691512644304,0.7503084873556958,0.9791580975734528,8,0,8.781872566327003,0.9684359210286928,1,0,0,0
25,1.0,0,36.0,0.0,1.0,9,1,9.0,0.0,0,0,0,0
26,0.9953518974586201,1,33.00680481117582,2.9931951888241812,0.9168556891993282,7,0,8.477234593071863,4.015960595752318,0,1,0,0
27,0.9967119043066338,2,34.58106347567056,1.418936524329439,0.9605850965464044,7,0,8.078021845261063,2.8409146790683764,0,2,0,0
28,1.0,0,36.0,0.0,1.0,9,1,9.0,0.0,0,0,0,0
29,0.9992433151486926,1,35.462501709291594,0.537498290708406,0.9850694919247664,8,0,8.88372257917873,0.6537757115296756,0,0,1,0
30,1.0,0,36.0,0.0,1.0,9,1,9.0,0.0,0,0,0,0
31,0.9965738952094222,1,34.15598887498182,1.844011125018179,0.9487774687494951,8,0,9.0,2.960154539059138,0,1,0,0
32,1.0,0,36.0,0.0,1.0,9,1,9.0,0.0,0,0,0,0
33,1.0,0,36.0,0.0,1.0,9,1,9.0,0.0,0,0,0,0
34,1.0,0,36.0,0.0,1.0,9,1,9.0,0.0,0,0,0,0
35,1.0,0,36.0,0.0,1.0,9,1,9.0,0.0,0,0,0,0
36,1.0,0,36.0,0.0,1.0,9,1,9.0,0.0,0,0,0,0
37,1.0,0,36.0,0.0,1.0,9,1,9.0,0.0,0,0,0,0
38,0.9943720133462567,2,33.18373541642118,2.816264583578821,0.9217704282339216,6,0,8.221976420970066,4.862580468834288,1,0,1,0
39,1.0,0,36.0,0.0,1.0,9,1,9.0,0.0,0,0,0,0
40,1.0,0,36.0,0.0,1.0,9,1,9.0,0.0,0,0,0,0
41,0.9976243223477298,1,34.352000070524,1.6479999294760006,0.9542222241812222,8,0,8.59541443791452,2.05258549156148,0,1,0,0
42,1.0,0,36.0,0.0,1.0,9,1,9.0,0.0,0,0,0,0
43,0.9963015745985989,2,33.99183530825415,2.008164691745847,0.9442176474515043,7,0,8.311913568595848,3.1954395468105297,0,1,0,1
44,1.0,0,36.0,0.0,1.0,9,1,9.0,0.0,0,0,0,0
45,1.0,0,36.0,0.0,1.0,9,1,9.0,0.0,0,0,0,0
46,1.0,0,36.0,0.0,1.0,9,1,9.0,0.0,0,0,0,0
47,1.0,0,36.0,0.0,1.0,9,1,9.0,0.0,0,0,0,0
48,1.0,0,36.0,0.0,1.0,9,1,9.0,0.0,0,0,0,0
49,1.0,0,36.0,0.0,1.0,9,1,9.0,0.0,0,0,0,0
50,1.0,0,36.0,0.0,1.0,9,1,9.0,0.0,0,0,0,0
51,0.9978123068819186,1,34.176530380248636,1.8234696197513642,0.9493480661180177,8,0,8.93330276572896,1.8901668540224037,0,0,1,0
52,1.0,0,36.0,0.0,1.0,9,1,9.0,0.0,0,0,0,0
53,1.0,0,36.0,0.0,1.0,9,1,9.0,0.0,0,0,0,0
54,1.0,0,36.0,0.0,1.0,9,1,9.0,0.0,0,0,0,0
55,0.9983209391997133,2,35.4195111479,0.5804888520999967,0.983875309663889,8,0,8.6297803206523,1.450708531447697,2,0,0,0
56,0.9984890294147938,2,34.694521414381754,1.3054785856182463,0.9637367059550487,7,0,9.0,1.3054785856182463,1,0,0,1
57,1.0,0,36.0,0.0,1.0,9,1,9.0,0.0,0,0,0,0
58,1.0,0,36.0,0.0,1.0,9,1,9.0,0.0,0,0,0,0
59,1.0,0,36.0,0.0,1.0,9,1,9.0,0.0,0,0,0,0
60,1.0,0,36.0,0.0,1.0,9,1,9.0,0.0,0,0,0,0
61,1.0,0,36.0,0.0,1.0,9,1,9.0,0.0,0,0,0,0
62,0.999142418356152,1,35.55905918489076,0.44094081510924354,0.9877516440247432,8,0,8.699990274824572,0.7409505402846719,0,0,1,0
63,0.9986315477202458,1,34.81765723029227,1.1823427697077307,0.9671571452858964,8,0,9.0,1.1823427697077307,0,0,0,1
64,1.0,0,36.0,0.0,1.0,9,1,9.0,0.0,0,0,0,0
65,0.9993147154185171,1,35.40791412159874,0.5920858784012566,0.9835531700444096,8,0,9.0,0.5920858784012566,0,0,1,0
66,1.0,0,36.0,0.0,1.0,9,1,9.0,0.0,0,0,0,0
67,1.0,0,36.0,0.0,1.0,9,1,9.0,0.0,0,0,0,0
68,1.0,0,36.0,0.0,1.0,9,1,9.0,0.0,0,0,0,0
69,0.9989529384046452,1,35.67851046204438,0.3214895379556211,0.9910697350567883,8,0,8.5,0.9046612183865861,0,0,1,0
70,1.0,0,36.0,0.0,1.0,9,1,9.0,0.0,0,0,0,0
71,1.0,0,36.0,0.0,1.0,9,1,9.0,0.0,0,0,0,0
72,0.9998691246229616,1,36.0,0.0,1.0,9,1,8.886923674238767,0.11307632576123261,0,0,1,0
73,1.0,0,36.0,0.0,1.0,9,1,9.0,0.0,0,0,0,0
74,1.0,0,36.0,0.0,1.0,9,1,9.0,0.0,0,0,0,0
75,1.0,0,36.0,0.0,1.0,9,1,9.0,0.0,0,0,0,0
76,1.0,0,36.0,0.0,1.0,9,1,9.0,0.0,0,0,0,0
77,1.0,0,36.0,0.0,1.0,9,1,9.0,0.0,0,0,0,0
78,1.0,0,36.0,0.0,1.0,9,1,9.0,0.0,0,0,0,0
79,1.0,0,36.0,0.0,1.0,9,1,9.0,0.0,0,0,0,0
80,0.9996871014840346,1,35.729655682205895,0.2703443177941036,0.9924904356168304,8,0,9.0,0.2703443177941036,0,0,0,1
81,1.0,0,36.0,0.0,1.0,9,1,9.0,0.0,0,0,0,0
82,1.0,0,36.0,0.0,1.0,9,1,9.0,0.0,0,0,0,0
83,1.0,0,36.0,0.0,1.0,9,1,9.0,0.0,0,0,0,0
84,0.9953745126584742,2,33.51108648272966,2.4889135172703405,0.9308635134091572,6,0,8.499288552327329,3.996421063078312,1,1,0,0
85,1.0,0,36.0,0.0,1.0,9,1,9.0,0.0,0,0,0,0
86,1.0,0,36.0,0.0,1.0,9,1,9.0,0.0,0,0,0,0
87,1.0,0,36.0,0.0,1.0,9,1,9.0,0.0,0,0,0,0
88,1.0,0,36.0,0.0,1.0,9,1,9.0,0.0,0,0,0,0
89,0.9987598720874741,1,34.92852948357755,1.0714705164224512,0.9702369300993764,8,0,9.0,1.0714705164224512,0,0,0,1
90,0.999344022040839,1,35.54219557094822,0.45780442905177665,0.9872832103041174,8,0,8.891039472336786,0.5667649567149908,1,0,0,0
91,1.0,0,36.0,0.0,1.0,9,1,9.0,0.0,0,0,0,0
92,1.0,0,36.0,0.0,1.0,9,1,9.0,0.0,0,0,0,0
93,1.0,0,36.0,0.0,1.0,9,1,9.0,0.0,0,0,0,0
94,0.9988328351800101,1,34.9915695955288,1.0084304044711985,0.9719880443202444,8,0,9.0,1.0084304044711985,0,0,1,0
95,0.9974851114028636,1,34.67581323182054,1.3241867681794588,0.9632170342172373,8,0,8.651323020253598,2.1728637479258612,0,1,0,0
96,1.0,0,36.0,0.0,1.0,9,1,9.0,0.0,0,0,0,0
97,1.0,0,36.0,0.0,1.0,9,1,9.0,0.0,0,0,0,0
98,1.0,0,36.0,0.0,1.0,9,1,9.0,0.0,0,0,0,0
99,1.0,0,36.0,0.0,1.0,9,1,9.0,0.0,0,0,0,0
100,0.9992228524928051,1,35.32854455378363,0.6714554462163704,0.981348459827323,8,0,9.0,0.6714554462163704,1,0,0,0
101,1.0,0,36.0,0.0,1.0,9,1,9.0,0.0,0,0,0,0
102,1.0,0,36.0,0.0,1.0,9,1,9.0,0.0,0,0,0,0
103,0.9974431277422455,1,34.073946398086335,1.9260536019136651,0.9464985110579538,8,0,8.716915971213766,2.2091376306998995,0,1,0,0
104,1.0,0,36.0,0.0,1.0,9,1,9.0,0.0,0,0,0,0
105,1.0,0,36.0,0.0,1.0,9,1,9.0,0.0,0,0,0,0
106,1.0,0,36.0,0.0,1.0,9,1,9.0,0.0,0,0,0,0
107,1.0,0,36.0,0.0,1.0,9,1,9.0,0.0,0,0,0,0
108,1.0,0,36.0,0.0,1.0,9,1,9.0,0.0,0,0,0,0
109,1.0,0,36.0,0.0,1.0,9,1,9.0,0.0,0,0,0,0
110,1.0,0,36.0,0.0,1.0,9,1,9.0,0.0,0,0,0,0
111,0.9989890779621533,1,35.97258694610872,0.027413053891280015,0.9992385262807978,8,0,8.65397641319175,0.8734366406995306,1,0,0,0
112,0.9972788033192695,1,34.459055651564086,1.5409443484359144,0.9571959903212246,8,0,8.689830416284853,2.351113932151062,1,0,0,0
113,1.0,0,36.0,0.0,1.0,9,1,9.0,0.0,0,0,0,0
114,1.0,0,36.0,0.0,1.0,9,1,9.0,0.0,0,0,0,0
115,0.9993725728647864,1,35.86692275653909,0.1330772434609102,0.9963034099038636,8,0,8.590980198636366,0.5420970448245441,0,0,1,0
116,1.0,0,36.0,0.0,1.0,9,1,9.0,0.0,0,0,0,0
117,1.0,0,36.0,0.0,1.0,9,1,9.0,0.0,0,0,0,0
118,0.9993913668401079,1,36.0,0.0,1.0,9,1,8.676318265109458,0.5258590501467886,1,0,0,0
119,1.0,0,36.0,0.0,1.0,9,1,9.0,0.0,0,0,0,0
120,1.0,0,36.0,0.0,1.0,9,1,9.0,0.0,0,0,0,0
121,1.0,0,36.0,0.0,1.0,9,1,9.0,0.0,0,0,0,0
122,1.0,0,36.0,0.0,1.0,9,1,9.0,0.0,0,0,0,0
123,1.0,0,36.0,0.0,1.0,9,1,9.0,0.0,0,0,0,0
124,1.0,0,36.0,0.0,1.0,9,1,9.0,0.0,0,0,0,0
125,0.9972110386042182,1,34.55282261755829,1.4471773824417085,0.959800628265508,8,0,8.5,2.4096626459554003,1,0,0,0
126,0.998201413933228,2,34.87181838231079,1.1281816176892079,0.9686616217308553,7,0,8.574203255998235,1.553978361690973,0,0,0,2
127,1.0,0,36.0,0.0,1.0,9,1,9.0,0.0,0,0,0,0
128,1.0,0,36.0,0.0,1.0,9,1,9.0,0.0,0,0,0,0
129,0.9992307416577608,1,35.335360792305345,0.6646392076946555,0.9815377997862595,8,0,9.0,0.6646392076946555,1,0,0,0
130,1.0,0,36.0,0.0,1.0,9,1,9.0,0.0,0,0,0,0
131,0.9986970574919988,1,35.56553182916316,0.434468170836837,0.9879314396989768,8,0,8.808725843923789,1.1257423269130484,0,1,0,0
132,0.9988389344905426,1,35.28012099508031,0.7198790049196884,0.9800033609744531,8,0,8.716718404748496,1.0031606001711921,0,0,1,0
133,0.9994090310227016,1,35.489402803614155,0.5105971963858451,0.9858167445448376,8,0,9.0,0.5105971963858451,0,1,0,0
134,1.0,0,36.0,0.0,1.0,9,1,9.0,0.0,0,0,0,0
135,1.0,0,36.0,0.0,1.0,9,1,9.0,0.0,0,0,0,0
136,1.0,0,36.0,0.0,1.0,9,1,9.0,0.0,0,0,0,0
137,1.0,0,36.0,0.0,1.0,9,1,9.0,0.0,0,0,0,0
138,0.9982415466651806,1,35.09664697726447,0.90335302273553,0.9749068604795686,8,0,8.884049341451515,1.5193036812840148,0,1,0,0
139,0.9992328850055393,1,35.39133879056577,0.6086612094342314,0.9830927441823825,8,0,8.945873854220165,0.662787355214066,1,0,0,0
140,0.9994378972919451,1,35.514343260240615,0.48565673975938495,0.9865095350066837,8,0,9.0,0.48565673975938495,0,0,0,1
141,1.0,0,36.0,0.0,1.0,9,1,9.0,0.0,0,0,0,0
142,0.9969342519266712,2,34.13399139816974,1.8660086018302593,0.9481664277269373,7,0,8.717202266474118,2.6488063353561415,1,1,0,0
143,0.9906388475166005,2,31.70125015838017,4.298749841619829,0.8805902821772269,6,0,8.120774531547752,8.0880357456572,1,0,1,0
144,1.0,0,36.0,0.0,1.0,9,1,9.0,0.0,0,0,0,0
145,0.9929731360177922,1,33.38426279462849,2.6157372053715093,0.9273406331841247,7,0,8.5,6.071210480627521,0,0,0,1
146,1.0,0,36.0,0.0,1.0,9,1,9.0,0.0,0,0,0,0
147,1.0,0,36.0,0.0,1.0,9,1,9.0,0.0,0,0,0,0
148,0.9986795449236753,1,35.64303491439895,0.3569650856010469,0.9900843031777486,8,0,8.5,1.1408731859445282,0,0,0,1
149,0.9966072972380385,1,34.06870481366525,1.9312951863347507,0.9463529114907013,7,0,8.5,2.9312951863347507,0,0,0,1
150,0.9972331129856208,2,34.591756533691886,1.4082434663081127,0.9608821259358857,7,0,8.51765308588452,2.3905903804235926,0,1,0,1
151,1.0,0,36.0,0.0,1.0,9,1,9.0,0.0,0,0,0,0
152,0.9975951282586851,2,34.97121109803786,1.0287889019621375,0.9714225305010518,8,0,9.0,2.0778091844959974,0,0,0,2
153,1.0,0,36.0,0.0,1.0,9,1,9.0,0.0,0,0,0,0
154,1.0,0,36.0,0.0,1.0,9,1,9.0,0.0,0,0,0,0
155,1.0,0,36.0,0.0,1.0,9,1,9.0,0.0,0,0,0,0
156,1.0,0,36.0,0.0,1.0,9,1,9.0,0.0,0,0,0,0
157,0.997510277709282,2,35.66000754225986,0.33999245774013787,0.990555765062774,8,0,8.605134669832296,2.1511200591802897,1,0,0,1
158,1.0,0,36.0,0.0,1.0,9,1,9.0,0.0,0,0,0,0
159,0.9984900187904726,1,35.66130873634168,0.3386912636583155,0.9905919093428245,8,0,8.534067498626623,1.3046237650316925,1,0,0,0
160,0.994349668948074,2,32.60669133845179,3.393308661548211,0.9057414260681053,6,0,8.011422632684152,4.881886028864059,0,0,2,0
161,1.0,0,36.0,0.0,1.0,9,1,9.0,0.0,0,0,0,0
162,0.9983198694217719,1,35.281579657387944,0.7184203426120579,0.9800438793718873,8,0,8.5,1.4516328195890793,0,0,0,1
163,1.0,0,36.0,0.0,1.0,9,1,9.0,0.0,0,0,0,0
164,1.0,0,36.0,0.0,1.0,9,1,9.0,0.0,0,0,0,0
165,0.9994350739204622,1,35.51190386727935,0.4880961327206492,0.9864417740910931,8,0,9.0,0.4880961327206492,0,1,0,0
166,0.998183263647254,1,34.43033979122743,1.569660208772568,0.9563983275340954,8,0,9.0,1.569660208772568,0,0,1,0
167,1.0,0,36.0,0.0,1.0,9,1,9.0,0.0,0,0,0,0
168,0.994458000321861,2,33.07873195652985,2.9212680434701497,0.9188536654591625,6,0,8.132980321558062,4.788287721912088,0,1,0,1
169,0.9991620982003411,1,35.27605284509467,0.7239471549053338,0.9798903568081853,8,0,9.0,0.7239471549053338,0,1,0,0
170,1.0,0,36.0,0.0,1.0,9,1,9.0,0.0,0,0,0,0
171,0.9932181271428573,1,32.0,4.0,0.8888888888888888,7,0,8.22629113678363,5.859538148571275,0,0,1,0
172,1.0,0,36.0,0.0,1.0,9,1,9.0,0.0,0,0,0,0
173,0.9985002199470514,1,35.65408828100382,0.34591171899617734,0.9903913411389951,8,0,8.550101753248597,1.29580996574758,0,0,1,0
174,0.9992816798542316,1,35.37937139405603,0.6206286059439705,0.9827603165015564,8,0,9.0,0.6206286059439705,0,0,1,0
175,1.0,0,36.0,0.0,1.0,9,1,9.0,0.0,0,0,0,0
176,0.9996677262512998,1,35.712915481123076,0.28708451887692377,0.9920254300311966,8,0,9.0,0.28708451887692377,0,0,1,0
177,0.9976797022206709,1,34.99526271865964,1.0047372813403612,0.9720906310738788,7,0,8.5,2.004737281340361,0,0,1,0
178,1.0,0,36.0,0.0,1.0,9,1,9.0,0.0,0,0,0,0
179,0.9992292325593103,1,35.33405693124408,0.665943068755924,0.9815015814234466,8,0,9.0,0.665943068755924,0,0,0,1
180,0.9935009676330604,3,32.28078195947995,3.7192180405200475,0.896688387763332,6,0,8.391872959188724,5.615163965035752,1,0,0,2
181,1.0,0,36.0,0.0,1.0,9,1,9.0,0.0,0,0,0,0
182,0.9959438978007376,1,33.495527699837226,2.5044723001627744,0.9304313249954785,7,0,8.5,3.5044723001627744,0,0,1,0
183,1.0,0,36.0,0.0,1.0,9,1,9.0,0.0,0,0,0,0
184,1.0,0,36.0,0.0,1.0,9,1,9.0,0.0,0,0,0,0
185,1.0,0,36.0,0.0,1.0,9,1,9.0,0.0,0,0,0,0
186,1.0,0,36.0,0.0,1.0,9,1,9.0,0.0,0,0,0,0
187,1.0,0,36.0,0.0,1.0,9,1,9.0,0.0,0,0,0,0
188,0.9947554767937279,1,33.34766877228809,2.6523312277119118,0.9263241325635581,7,0,8.5,4.531268050219069,1,0,0,0
189,0.9989483476326725,1,35.6387328770645,0.3612671229354998,0.9899648021406805,8,0,8.5,0.9086276453709843,1,0,0,0
190,1.0,0,36.0,0.0,1.0,9,1,9.0,0.0,0,0,0,0
191,0.9998587579796897,1,35.87796689445187,0.12203310554812674,0.996610191512552,8,0,9.0,0.12203310554812674,0,0,0,1
192,1.0,0,36.0,0.0,1.0,9,1,9.0,0.0,0,0,0,0
193,1.0,0,36.0,0.0,1.0,9,1,9.0,0.0,0,0,0,0
194,1.0,0,36.0,0.0,1.0,9,1,9.0,0.0,0,0,0,0
195,1.0,0,36.0,0.0,1.0,9,1,9.0,0.0,0,0,0,0
196,0.9998926053279865,1,35.90721100338035,0.09278899661965312,0.9974225278716763,8,0,9.0,0.09278899661965312,0,0,1,0
197,0.9926173596707583,2,34.25335924907392,1.746640750926085,0.9514822013631643,7,0,8.5,6.378601244464869,1,0,0,1
198,0.9936979928223595,2,33.83388443104174,2.166115568958265,0.9398301230844928,7,0,9.0,5.444934201481352,1,0,1,0
199,0.9999065559176207,1,35.919264312824254,0.0807356871757463,0.9977573420228959,8,0,9.0,0.0807356871757463,0,1,0,0
200,1.0,0,36.0,0.0,1.0,9,1,9.0,0.0,0,0,0,0
201,0.9853391680423031,2,28.419201667084636,7.580798332915364,0.7894222685301288,5,0,7.802519628241857,12.666958811450105,1,0,1,0
202,1.0,0,36.0,0.0,1.0,9,1,9.0,0.0,0,0,0,0
203,1.0,0,36.0,0.0,1.0,9,1,9.0,0.0,0,0,0,0
204,0.9966266110073648,2,34.085391910363256,1.914608089636742,0.9468164419545348,7,0,8.5,2.914608089636742,1,0,0,1
205,0.9967586048362806,1,35.472486204343014,0.5275137956569829,0.9853468390095281,8,0,9.0,2.800565421453477,0,0,0,1
206,1.0,0,36.0,0.0,1.0,9,1,9.0,0.0,0,0,0,0
207,0.996637988101561,1,34.02199834671605,1.9780016532839468,0.9450555096310015,8,0,8.57322337303256,2.904778280251387,0,0,1,0
208,1.0,0,36.0,0.0,1.0,9,1,9.0,0.0,0,0,0,0
209,1.0,0,36.0,0.0,1.0,9,1,9.0,0.0,0,0,0,0
210,0.9972017823596043,1,34.5823399586982,1.4176600413018008,0.9606205544082833,7,0,8.5,2.417660041301801,0,0,1,0
211,1.0,0,36.0,0.0,1.0,9,1,9.0,0.0,0,0,0,0
212,1.0,0,36.0,0.0,1.0,9,1,9.0,0.0,0,0,0,0
213,1.0,0,36.0,0.0,1.0,9,1,9.0,0.0,0,0,0,0
214,1.0,0,36.0,0.0,1.0,9,1,9.0,0.0,0,0,0,0
215,1.0,0,36.0,0.0,1.0,9,1,9.0,0.0,0,0,0,0
216,0.9975089745281805,2,34.764568736219935,1.2354312637800646,0.9656824648949982,7,0,8.583185256128047,2.1522460076520176,2,0,0,0
217,1.0,0,36.0,0.0,1.0,9,1,9.0,0.0,0,0,0,0
218,1.0,0,36.0,0.0,1.0,9,1,9.0,0.0,0,0,0,0
219,1.0,0,36.0,0.0,1.0,9,1,9.0,0.0,0,0,0,0
220,0.995485099595704,2,34.285075244864245,1.7149247551357547,0.9523632012462291,7,0,8.978547399818748,3.900873949311677,0,1,1,0
221,1.0,0,36.0,0.0,1.0,9,1,9.0,0.0,0,0,0,0
222,0.9998518518734727,1,35.87200001868045,0.12799998131954737,0.9964444449633459,8,0,9.0,0.12799998131954737,0,1,0,0
223,1.0,0,36.0,0.0,1.0,9,1,9.0,0.0,0,0,0,0
224,1.0,0,36.0,0.0,1.0,9,1,9.0,0.0,0,0,0,0
225,1.0,0,36.0,0.0,1.0,9,1,9.0,0.0,0,0,0,0
226,1.0,0,36.0,0.0,1.0,9,1,9.0,0.0,0,0,0,0
227,1.0,0,36.0,0.0,1.0,9,1,9.0,0.0,0,0,0,0
228,0.9951070598122861,1,34.0,2.0,0.9444444444444444,8,0,8.611848289824167,4.227500322184895,0,1,0,0
229,1.0,0,36.0,0.0,1.0,9,1,9.0,0.0,0,0,0,0
230,1.0,0,36.0,0.0,1.0,9,1,9.0,0.0,0,0,0,0
231,0.9980300294254313,1,34.46078046756143,1.5392195324385725,0.9572439018767063,8,0,9.0,1.7020545764273223,0,0,1,0
232,0.9992500321420962,1,35.69593250601757,0.30406749398242994,0.9915536807227103,8,0,8.656095264753498,0.647972229228932,0,0,1,0
233,1.0,0,36.0,0.0,1.0,9,1,9.0,0.0,0,0,0,0
234,1.0,0,36.0,0.0,1.0,9,1,9.0,0.0,0,0,0,0
235,1.0,0,36.0,0.0,1.0,9,1,9.0,0.0,0,0,0,0
236,1.0,0,36.0,0.0,1.0,9,1,9.0,0.0,0,0,0,0
237,0.9981644741686593,1,35.41410568172164,0.5858943182783598,0.983725157825601,7,0,8.5,1.5858943182783598,1,0,0,0
238,0.9959086916767664,1,33.465109608726124,2.5348903912738763,0.9295863780201701,7,0,8.5,3.5348903912738763,0,1,0,0
239,1.0,0,36.0,0.0,1.0,9,1,9.0,0.0,0,0,0,0
240,1.0,0,36.0,0.0,1.0,9,1,9.0,0.0,0,0,0,0
241,0.9965935195961152,3,33.60069791511846,2.3993020848815405,0.9333527198644016,6,0,8.956103015925066,2.943199068956474,2,1,0,0
242,1.0,0,36.0,0.0,1.0,9,1,9.0,0.0,0,0,0,0
243,0.9969768162697871,1,35.2699506604598,0.7300493395402015,0.9797208516794389,8,0,9.0,2.612030742903862,0,0,0,1
244,1.0,0,36.0,0.0,1.0,9,1,9.0,0.0,0,0,0,0
245,1.0,0,36.0,0.0,1.0,9,1,9.0,0.0,0,0,0,0
246,0.9984999282175395,1,34.70393797995411,1.2960620200458877,0.9639982772209476,8,0,9.0,1.2960620200458877,0,0,1,0
247,0.9935984034835018,2,32.182309028350815,3.8176909716491867,0.8939530285653005,6,0,8.286711581394764,5.530979390254423,0,0,1,1
248,1.0,0,36.0,0.0,1.0,9,1,9.0,0.0,0,0,0,0
249,1.0,0,36.0,0.0,1.0,9,1,9.0,0.0,0,0,0,0
250,1.0,0,36.0,0.0,1.0,9,1,9.0,0.0,0,0,0,0
251,1.0,0,36.0,0.0,1.0,9,1,9.0,0.0,0,0,0,0
252,1.0,0,36.0,0.0,1.0,9,1,9.0,0.0,0,0,0,0
253,0.9988811032777524,1,35.03327323197797,0.9667267680220277,0.9731464786660547,8,0,9.0,0.9667267680220277,0,1,0,0
254,1.0,0,36.0,0.0,1.0,9,1,9.0,0.0,0,0,0,0
255,1.0,0,36.0,0.0,1.0,9,1,9.0,0.0,0,0,0,0
256,1.0,0,36.0,0.0,1.0,9,1,9.0,0.0,0,0,0,0
257,1.0,0,36.0,0.0,1.0,9,1,9.0,0.0,0,0,0,0
258,1.0,0,36.0,0.0,1.0,9,1,9.0,0.0,0,0,0,0
259,0.9969408702274611,1,34.287168041055054,1.7128319589449426,0.9524213344737515,8,0,8.5,2.6430881234735946,1,0,0,0
260,1.0,0,36.0,0.0,1.0,9,1,9.0,0.0,0,0,0,0
261,0.9996564396803908,1,35.70316388385767,0.2968361161423303,0.9917545523293797,8,0,9.0,0.2968361161423303,0,0,1,0
262,1.0,0,36.0,0.0,1.0,9,1,9.0,0.0,0,0,0,0
263,1.0,0,36.0,0.0,1.0,9,1,9.0,0.0,0,0,0,0
264,0.9971201905515806,1,34.51184463656571,1.4881553634342914,0.9586623510157142,7,0,8.5,2.4881553634342914,1,0,0,0
265,1.0,0,36.0,0.0,1.0,9,1,9.0,0.0,0,0,0,0
266,0.9983098629030563,1,35.5351152239253,0.46488477607469747,0.9870865339979251,8,0,9.0,1.4602784517593328,0,0,0,1
267,1.0,0,36.0,0.0,1.0,9,1,9.0,0.0,0,0,0,0
268,1.0,0,36.0,0.0,1.0,9,1,9.0,0.0,0,0,0,0
269,1.0,0,36.0,0.0,1.0,9,1,9.0,0.0,0,0,0,0
270,1.0,0,36.0,0.0,1.0,9,1,9.0,0.0,0,0,0,0
271,1.0,0,36.0,0.0,1.0,9,1,9.0,0.0,0,0,0,0
272,1.0,0,36.0,0.0,1.0,9,1,9.0,0.0,0,0,0,0
273,1.0,0,36.0,0.0,1.0,9,1,9.0,0.0,0,0,0,0
274,0.9993982296316145,2,35.4800704017149,0.5199295982850991,0.9855575111587471,7,0,9.0,0.5199295982850991,1,0,0,1
275,1.0,0,36.0,0.0,1.0,9,1,9.0,0.0,0,0,0,0
276,0.9998921225422824,1,36.0,0.0,1.0,9,1,8.906793876532035,0.09320612346796509,0,0,0,1
277,0.9999618790749641,1,35.96706352076896,0.03293647923104359,0.9990850977991378,8,0,9.0,0.03293647923104359,0,0,1,0
278,1.0,0,36.0,0.0,1.0,9,1,9.0,0.0,0,0,0,0
279,1.0,0,36.0,0.0,1.0,9,1,9.0,0.0,0,0,0,0
280,1.0,0,36.0,0.0,1.0,9,1,9.0,0.0,0,0,0,0
281,0.9999402093526568,1,36.0,0.0,1.0,9,1,8.994391637828613,0.05165911930449596,0,1,0,0
282,0.9984581364427835,1,34.667829886564945,1.3321701134350565,0.962995274626804,8,0,9.0,1.3321701134350565,1,0,0,0
283,1.0,0,36.0,0.0,1.0,9,1,9.0,0.0,0,0,0,0
284,1.0,0,36.0,0.0,1.0,9,1,9.0,0.0,0,0,0,0
285,0.9991780716942815,1,35.289853943859214,0.7101460561407897,0.980273720662756,8,0,9.0,0.7101460561407897,0,1,0,0
286,0.998777570971206,1,35.7491953979685,0.2508046020315007,0.993033205499125,8,0,8.69462592115346,1.0561786808780411,1,0,0,0
287,1.0,0,36.0,0.0,1.0,9,1,9.0,0.0,0,0,0,0
288,1.0,0,36.0,0.0,1.0,9,1,9.0,0.0,0,0,0,0
289,1.0,0,36.0,0.0,1.0,9,1,9.0,0.0,0,0,0,0
290,0.9983174068772821,1,35.47592837664254,0.5240716233574538,0.9854424549067373,8,0,8.570311165329157,1.453760458028297,0,1,0,0
291,1.0,0,36.0,0.0,1.0,9,1,9.0,0.0,0,0,0,0
292,0.997805926431682,1,35.75761677763697,0.24238322236303134,0.9932671327121381,8,0,9.0,1.895679563026789,0,0,1,0
293,0.9958099563757133,3,33.814816001720956,2.1851839982790473,0.9393004444922488,6,0,8.064986306895443,3.620197691383604,1,0,2,0
294,1.0,0,36.0,0.0,1.0,9,1,9.0,0.0,0,0,0,0
295,0.9998979887375425,1,35.91186226923675,0.08813773076325049,0.9975517297010208,8,0,9.0,0.08813773076325049,0,0,1,0
296,0.9974132844509811,1,34.00630477335846,1.9936952266415418,0.9446195770377349,8,0,8.758772992289224,2.234922234352318,1,0,0,0
297,1.0,0,36.0,0.0,1.0,9,1,9.0,0.0,0,0,0,0
298,1.0,0,36.0,0.0,1.0,9,1,9.0,0.0,0,0,0,0
299,1.0,0,36.0,0.0,1.0,9,1,9.0,0.0,0,0,0,0
300,1.0,0,36.0,0.0,1.0,9,1,9.0,0.0,0,0,0,0
301,1.0,0,36.0,0.0,1.0,9,1,9.0,0.0,0,0,0,0
302,1.0,0,36.0,0.0,1.0,9,1,9.0,0.0,0,0,0,0
303,1.0,0,36.0,0.0,1.0,9,1,9.0,0.0,0,0,0,0
304,0.9997910789557461,1,35.819492217764775,0.18050778223522457,0.9949858949379105,8,0,9.0,0.18050778223522457,0,0,1,0
305,0.9953319462862475,1,32.97194041475457,3.0280595852454297,0.9158872337431825,7,0,8.5,4.033198408682125,0,1,0,0
306,1.0,0,36.0,0.0,1.0,9,1,9.0,0.0,0,0,0,0
307,1.0,0,36.0,0.0,1.0,9,1,9.0,0.0,0,0,0,0
308,1.0,0,36.0,0.0,1.0,9,1,9.0,0.0,0,0,0,0
309,1.0,0,36.0,0.0,1.0,9,1,9.0,0.0,0,0,0,0
310,1.0,0,36.0,0.0,1.0,9,1,9.0,0.0,0,0,0,0
311,1.0,0,36.0,0.0,1.0,9,1,9.0,0.0,0,0,0,0
312,1.0,0,36.0,0.0,1.0,9,1,9.0,0.0,0,0,0,0
313,0.9977698054523022,1,35.02178349364776,0.9782165063522399,0.9728273192679934,8,0,9.0,1.926888089210962,0,0,0,1
314,0.9975505771610527,1,34.40187382714029,1.598126172859704,0.9556076063094525,8,0,8.5,2.1163013328505933,0,0,0,1
315,1.0,0,36.0,0.0,1.0,9,1,9.0,0.0,0,0,0,0
316,1.0,0,36.0,0.0,1.0,9,1,9.0,0.0,0,0,0,0
317,1.0,0,36.0,0.0,1.0,9,1,9.0,0.0,0,0,0,0
318,1.0,0,36.0,0.0,1.0,9,1,9.0,0.0,0,0,0,0
319,1.0,0,36.0,0.0,1.0,9,1,9.0,0.0,0,0,0,0
320,1.0,0,36.0,0.0,1.0,9,1,9.0,0.0,0,0,0,0
321,0.9996679212446214,1,35.71308395535283,0.2869160446471746,0.9920301098709119,8,0,9.0,0.2869160446471746,0,0,0,1
322,1.0,0,36.0,0.0,1.0,9,1,9.0,0.0,0,0,0,0
323,1.0,0,36.0,0.0,1.0,9,1,9.0,0.0,0,0,0,0
324,0.9922808010350274,1,31.448284167932847,4.551715832067153,0.8735634491092458,6,0,7.882327926330724,6.6693879057364285,0,0,1,0
325,1.0,0,36.0,0.0,1.0,9,1,9.0,0.0,0,0,0,0
326,1.0,0,36.0,0.0,1.0,9,1,9.0,0.0,0,0,0,0
327,1.0,0,36.0,0.0,1.0,9,1,9.0,0.0,0,0,0,0
328,1.0,0,36.0,0.0,1.0,9,1,9.0,0.0,0,0,0,0
329,0.9994760387129449,1,35.968711917705086,0.03128808229491398,0.999130886602919,8,0,9.0,0.4527025520155732,0,0,0,1
330,0.9932457378447169,2,31.637566410658245,4.362433589341757,0.8788212891849513,6,0,8.026751087177221,5.835682502164536,1,0,1,0
331,0.9990386150195789,1,35.785904125530365,0.21409587446963307,0.9940528923758435,8,0,8.5,0.8306366230838442,1,0,0,0
332,1.0,0,36.0,0.0,1.0,9,1,9.0,0.0,0,0,0,0
333,1.0,0,36.0,0.0,1.0,9,1,9.0,0.0,0,0,0,0
334,1.0,0,36.0,0.0,1.0,9,1,9.0,0.0,0,0,0,0
335,1.0,0,36.0,0.0,1.0,9,1,9.0,0.0,0,0,0,0
336,0.9956834799517037,1,33.41813994909584,2.5818600509041616,0.9282816652526622,7,0,8.352386729176118,3.729473321728044,0,0,0,1
337,1.0,0,36.0,0.0,1.0,9,1,9.0,0.0,0,0,0,0
338,1.0,0,36.0,0.0,1.0,9,1,9.0,0.0,0,0,0,0
339,1.0,0,36.0,0.0,1.0,9,1,9.0,0.0,0,0,0,0
340,1.0,0,36.0,0.0,1.0,9,1,9.0,0.0,0,0,0,0
341,1.0,0,36.0,0.0,1.0,9,1,9.0,0.0,0,0,0,0
342,0.9982123928668626,2,34.9012912392054,1.0987087607946027,0.96948031220015,7,0,8.554216197763813,1.54449256303079,1,0,0,1
343,0.9987999668349083,1,35.94646296198223,0.05353703801777243,0.9985128600550619,8,0,8.516708383378571,1.0368286546392014,1,0,0,0
344,1.0,0,36.0,0.0,1.0,9,1,9.0,0.0,0,0,0,0
345,1.0,0,36.0,0.0,1.0,9,1,9.0,0.0,0,0,0,0
346,0.9952148577547666,2,35.298748915565916,0.7012510844340838,0.9805208032101643,7,0,9.0,4.134362899881701,1,0,1,0
347,0.9979271572349455,1,34.40033733128809,1.5996626687119058,0.9555649258691137,8,0,9.0,1.7909361490070683,1,0,0,0
348,1.0,0,36.0,0.0,1.0,9,1,9.0,0.0,0,0,0,0
349,1.0,0,36.0,0.0,1.0,9,1,9.0,0.0,0,0,0,0
350,1.0,0,36.0,0.0,1.0,9,1,9.0,0.0,0,0,0,0
351,1.0,0,36.0,0.0,1.0,9,1,9.0,0.0,0,0,0,0
352,1.0,0,36.0,0.0,1.0,9,1,9.0,0.0,0,0,0,0
353,1.0,0,36.0,0.0,1.0,9,1,9.0,0.0,0,0,0,0
354,1.0,0,36.0,0.0,1.0,9,1,9.0,0.0,0,0,0,0
355,0.9958865737446864,1,33.445999715409016,2.5540002845909804,0.9290555476502504,7,0,8.5,3.5540002845909804,1,0,0,0
356,0.9956495894963245,3,33.90816698765416,2.0918330123458375,0.9418935274348379,5,0,8.333078337170267,3.7587546751755703,1,0,1,1
357,0.9996971056555997,2,35.738299286438064,0.261700713561936,0.9927305357343906,7,0,9.0,0.261700713561936,0,0,1,1
358,1.0,0,36.0,0.0,1.0,9,1,9.0,0.0,0,0,0,0
359,1.0,0,36.0,0.0,1.0,9,1,9.0,0.0,0,0,0,0
360,1.0,0,36.0,0.0,1.0,9,1,9.0,0.0,0,0,0,0
361,1.0,0,36.0,0.0,1.0,9,1,9.0,0.0,0,0,0,0
362,0.9970300858148313,1,34.037561535522144,1.9624384644778559,0.9454878204311706,8,0,8.5,2.5660058559857433,0,0,1,0
363,0.9979248588167701,1,34.83721107922533,1.1627889207746733,0.967700307756259,8,0,8.5,1.7929219823106166,0,0,1,0
364,0.9988739156824347,1,35.027063149623594,0.9729368503764064,0.9729739763784332,8,0,9.0,0.9729368503764064,0,0,1,0
365,0.9983238679675881,2,34.973642830405105,1.0263571695948936,0.971490078622364,7,0,8.578179093591066,1.4481780760038276,1,0,1,0
366,0.9970960719072502,1,34.283145548640896,1.7168544513591044,0.9523095985733582,8,0,9.0,2.5089938721356972,0,0,1,0
367,0.9965803745060995,1,34.36380892744877,1.6361910725512274,0.9545502479846881,8,0,9.0,2.9545564267301074,0,0,0,1
368,1.0,0,36.0,0.0,1.0,9,1,9.0,0.0,0,0,0,0
369,1.0,0,36.0,0.0,1.0,9,1,9.0,0.0,0,0,0,0
370,1.0,0,36.0,0.0,1.0,9,1,9.0,0.0,0,0,0,0
371,1.0,0,36.0,0.0,1.0,9,1,9.0,0.0,0,0,0,0
372,0.9977763276341505,1,34.96555357466153,1.0344464253384729,0.9712653770739313,8,0,8.5,1.921252924093963,0,0,0,1
373,1.0,0,36.0,0.0,1.0,9,1,9.0,0.0,0,0,0,0
374,0.9984165849099883,1,35.50886343018295,0.49113656981705134,0.9863573175050819,8,0,8.623065932046941,1.36807063777011,0,0,0,1
375,1.0,0,36.0,0.0,1.0,9,1,9.0,0.0,0,0,0,0
376,1.0,0,36.0,0.0,1.0,9,1,9.0,0.0,0,0,0,0
377,1.0,0,36.0,0.0,1.0,9,1,9.0,0.0,0,0,0,0
378,1.0,0,36.0,0.0,1.0,9,1,9.0,0.0,0,0,0,0
379,1.0,0,36.0,0.0,1.0,9,1,9.0,0.0,0,0,0,0
380,1.0,0,36.0,0.0,1.0,9,1,9.0,0.0,0,0,0,0
381,1.0,0,36.0,0.0,1.0,9,1,9.0,0.0,0,0,0,0
382,1.0,0,36.0,0.0,1.0,9,1,9.0,0.0,0,0,0,0
383,1.0,0,36.0,0.0,1.0,9,1,9.0,0.0,0,0,0,0
384,1.0,0,36.0,0.0,1.0,9,1,9.0,0.0,0,0,0,0
385,0.9999278020614205,1,35.93762098106729,0.062379018932709585,0.9982672494740914,8,0,9.0,0.062379018932709585,0,0,1,0
386,1.0,0,36.0,0.0,1.0,9,1,9.0,0.0,0,0,0,0
387,1.0,0,36.0,0.0,1.0,9,1,9.0,0.0,0,0,0,0
388,1.0,0,36.0,0.0,1.0,9,1,9.0,0.0,0,0,0,0
389,1.0,0,36.0,0.0,1.0,9,1,9.0,0.0,0,0,0,0
390,1.0,0,36.0,0.0,1.0,9,1,9.0,0.0,0,0,0,0
391,1.0,0,36.0,0.0,1.0,9,1,9.0,0.0,0,0,0,0
392,0.9990820492239301,2,35.79793416604859,0.20206583395140854,0.9943870601680165,8,0,8.408956363426967,0.7931094705244419,0,2,0,0
393,0.9979249351333652,1,35.81889315426732,0.18110684573267832,0.9949692542852033,8,0,9.0,1.7928560447723854,0,0,0,1
394,0.9989355025567965,1,35.08027420907218,0.9197257909278207,0.9744520613631161,8,0,9.0,0.9197257909278207,1,0,0,0
395,0.9981941520271436,1,35.43974735145202,0.56025264854798,0.9844374264292228,7,0,8.5,1.56025264854798,0,1,0,0
396,0.9989081126109406,1,35.05660929585266,0.9433907041473404,0.9737947026625738,8,0,9.0,0.9433907041473404,0,1,0,0
397,1.0,0,36.0,0.0,1.0,9,1,9.0,0.0,0,0,0,0
398,1.0,0,36.0,0.0,1.0,9,1,9.0,0.0,0,0,0,0
399,0.9997711443290571,1,35.802268700305355,0.1977312996946452,0.994507463897371,8,0,9.0,0.1977312996946452,0,0,1,0
400,0.999442280239072,1,35.518130126558106,0.48186987344189447,0.9866147257377251,8,0,9.0,0.48186987344189447,0,0,1,0
401,1.0,0,36.0,0.0,1.0,9,1,9.0,0.0,0,0,0,0
402,1.0,0,36.0,0.0,1.0,9,1,9.0,0.0,0,0,0,0
403,1.0,0,36.0,0.0,1.0,9,1,9.0,0.0,0,0,0,0
404,0.9993850369435575,1,35.46867191923365,0.5313280807663503,0.9852408866453791,8,0,9.0,0.5313280807663503,0,1,0,0
405,0.9975320158932489,1,34.42877240733137,1.5712275926686274,0.9563547890925381,8,0,8.5,2.132338268232923,0,1,0,0
406,1.0,0,36.0,0.0,1.0,9,1,9.0,0.0,0,0,0,0
407,0.9960230792724128,2,33.25817604933319,2.7418239506668165,0.9238382235925885,7,0,9.0,3.436059508635296,2,0,0,0
408,1.0,0,36.0,0.0,1.0,9,1,9.0,0.0,0,0,0,0
409,0.9981943915202754,1,34.97924530999332,1.020754690006683,0.9716457030553699,8,0,9.0,1.5600457264820804,0,0,0,1
410,0.9950514722753085,1,34.21533819356145,1.7846618064385495,0.9504260609322626,8,0,9.0,4.275527954133338,0,1,0,0
411,1.0,0,36.0,0.0,1.0,9,1,9.0,0.0,0,0,0,0
412,0.9994164401838282,1,35.495804318827574,0.5041956811724262,0.985994564411877,8,0,9.0,0.5041956811724262,1,0,0,0
413,1.0,0,36.0,0.0,1.0,9,1,9.0,0.0,0,0,0,0
414,1.0,0,36.0,0.0,1.0,9,1,9.0,0.0,0,0,0,0
415,1.0,0,36.0,0.0,1.0,9,1,9.0,0.0,0,0,0,0
416,1.0,0,36.0,0.0,1.0,9,1,9.0,0.0,0,0,0,0
417,1.0,0,36.0,0.0,1.0,9,1,9.0,0.0,0,0,0,0
418,0.9939884932494465,1,33.1907840557579,2.809215944242098,0.9219662237710529,7,0,8.5,5.193941832478252,0,1,0,0
419,1.0,0,36.0,0.0,1.0,9,1,9.0,0.0,0,0,0,0
420,1.0,0,36.0,0.0,1.0,9,1,9.0,0.0,0,0,0,0
421,1.0,0,36.0,0.0,1.0,9,1,9.0,0.0,0,0,0,0
422,0.9990477867816104,1,36.0,0.0,1.0,9,1,8.507221322507064,0.8227122206886222,0,1,0,0
423,1.0,0,36.0,0.0,1.0,9,1,9.0,0.0,0,0,0,0
424,0.995221593666072,2,32.87145692748612,3.1285430725138816,0.9130960257635033,6,0,8.5,4.128543072513882,0,1,1,0
425,0.9998277023449839,1,35.85113482606606,0.14886517393394172,0.9958648562796127,8,0,9.0,0.14886517393394172,1,0,0,0
426,1.0,0,36.0,0.0,1.0,9,1,9.0,0.0,0,0,0,0
427,1.0,0,36.0,0.0,1.0,9,1,9.0,0.0,0,0,0,0
428,1.0,0,36.0,0.0,1.0,9,1,9.0,0.0,0,0,0,0
429,0.9993449330441757,1,35.43402215016783,0.5659778498321728,0.9842783930602175,8,0,9.0,0.5659778498321728,0,1,0,0
430,1.0,0,36.0,0.0,1.0,9,1,9.0,0.0,0,0,0,0
431,1.0,0,36.0,0.0,1.0,9,1,9.0,0.0,0,0,0,0
432,1.0,0,36.0,0.0,1.0,9,1,9.0,0.0,0,0,0,0
433,0.9998350604735877,1,35.85749224917983,0.1425077508201742,0.9960414513661063,8,0,9.0,0.1425077508201742,0,0,1,0
434,0.9961036281817063,1,34.12532890690617,1.8746710930938306,0.9479258029696158,8,0,9.0,3.3664652510058275,1,0,0,0
435,1.0,0,36.0,0.0,1.0,9,1,9.0,0.0,0,0,0,0
436,1.0,0,36.0,0.0,1.0,9,1,9.0,0.0,0,0,0,0
437,1.0,0,36.0,0.0,1.0,9,1,9.0,0.0,0,0,0,0
438,0.9963984255600034,1,34.77920090114584,1.2207990988541582,0.9660889139207178,8,0,9.0,3.1117603161570884,0,0,1,0
439,1.0,0,36.0,0.0,1.0,9,1,9.0,0.0,0,0,0,0
440,1.0,0,36.0,0.0,1.0,9,1,9.0,0.0,0,0,0,0
441,0.9965926341864167,1,34.0,2.0,0.9444444444444444,8,0,8.724686412474412,2.943964062935983,0,1,0,0
442,1.0,0,36.0,0.0,1.0,9,1,9.0,0.0,0,0,0,0
443,0.9993029043918163,1,35.39770939452937,0.6022906054706283,0.9832697054035937,8,0,9.0,0.6022906054706283,0,1,0,0
444,0.9997642914871633,1,35.79634784490905,0.20365215509095158,0.9943429956919181,8,0,9.0,0.20365215509095158,1,0,0,0
445,0.9982834274728236,1,35.30781413636816,0.6921858636318419,0.9807726148991155,8,0,8.5,1.4831186634804183,0,1,0,0
446,1.0,0,36.0,0.0,1.0,9,1,9.0,0.0,0,0,0,0
447,1.0,0,36.0,0.0,1.0,9,1,9.0,0.0,0,0,0,0
448,1.0,0,36.0,0.0,1.0,9,1,9.0,0.0,0,0,0,0
449,1.0,0,36.0,0.0,1.0,9,1,9.0,0.0,0,0,0,0
450,1.0,0,36.0,0.0,1.0,9,1,9.0,0.0,0,0,0,0
451,0.9990328365268629,2,35.59105661527994,0.408943384720061,0.9886404615355538,8,0,8.687543105880977,0.8356292407904249,0,0,0,2
452,1.0,0,36.0,0.0,1.0,9,1,9.0,0.0,0,0,0,0
453,1.0,0,36.0,0.0,1.0,9,1,9.0,0.0,0,0,0,0
454,0.9982405880519976,1,34.525369488248,1.4746305117519949,0.9590380413402223,8,0,8.95449858867793,1.5201319230740644,1,0,0,0
455,0.9980103582084294,1,35.28094949208291,0.719050507917089,0.9800263747800808,7,0,8.5,1.719050507917089,1,0,0,0
456,0.9932219881079186,2,32.14379772524176,3.856202274758239,0.8928832701456044,5,0,8.0,5.856202274758239,0,0,2,0
457,0.996588252703654,1,34.05225033595707,1.9477496640429308,0.9458958426654741,7,0,8.5,2.947749664042931,0,0,1,0
458,1.0,0,36.0,0.0,1.0,9,1,9.0,0.0,0,0,0,0
459,1.0,0,36.0,0.0,1.0,9,1,9.0,0.0,0,0,0,0
460,1.0,0,36.0,0.0,1.0,9,1,9.0,0.0,0,0,0,0
461,1.0,0,36.0,0.0,1.0,9,1,9.0,0.0,0,0,0,0
462,0.9998058704703712,1,35.83227208640079,0.16772791359920625,0.9953408912889109,8,0,9.0,0.16772791359920625,1,0,0,0
463,1.0,0,36.0,0.0,1.0,9,1,9.0,0.0,0,0,0,0
464,1.0,0,36.0,0.0,1.0,9,1,9.0,0.0,0,0,0,0
465,1.0,0,36.0,0.0,1.0,9,1,9.0,0.0,0,0,0,0
466,1.0,0,36.0,0.0,1.0,9,1,9.0,0.0,0,0,0,0
467,1.0,0,36.0,0.0,1.0,9,1,9.0,0.0,0,0,0,0
468,1.0,0,36.0,0.0,1.0,9,1,9.0,0.0,0,0,0,0
469,0.9847009145007918,1,33.02331702132794,2.976682978672059,0.917314361703554,7,0,8.5,13.218409871315856,1,0,0,0
470,1.0,0,36.0,0.0,1.0,9,1,9.0,0.0,0,0,0,0
471,1.0,0,36.0,0.0,1.0,9,1,9.0,0.0,0,0,0,0
472,1.0,0,36.0,0.0,1.0,9,1,9.0,0.0,0,0,0,0
473,1.0,0,36.0,0.0,1.0,9,1,9.0,0.0,0,0,0,0
474,1.0,0,36.0,0.0,1.0,9,1,9.0,0.0,0,0,0,0
475,1.0,0,36.0,0.0,1.0,9,1,9.0,0.0,0,0,0,0
476,1.0,0,36.0,0.0,1.0,9,1,9.0,0.0,0,0,0,0
477,1.0,0,36.0,0.0,1.0,9,1,9.0,0.0,0,0,0,0
478,1.0,0,36.0,0.0,1.0,9,1,9.0,0.0,0,0,0,0
479,1.0,0,36.0,0.0,1.0,9,1,9.0,0.0,0,0,0,0
480,1.0,0,36.0,0.0,1.0,9,1,9.0,0.0,0,0,0,0
481,1.0,0,36.0,0.0,1.0,9,1,9.0,0.0,0,0,0,0
482,0.996712071346316,1,34.93061177861529,1.069388221384715,0.9702947716282024,8,0,9.0,2.8407703567829667,0,0,1,0
483,0.9997925042183681,1,36.0,0.0,1.0,9,1,8.82072364466999,0.17927635533001052,0,1,0,0
484,0.9967977573916359,2,34.489535221029506,1.5104647789704941,0.9580426450285974,7,0,8.217121647067788,2.766737613626571,1,0,1,0
485,1.0,0,36.0,0.0,1.0,9,1,9.0,0.0,0,0,0,0
486,0.9994316855999985,1,35.508976358398684,0.4910236416013163,0.9863604543999634,8,0,9.0,0.4910236416013163,0,0,0,1
487,1.0,0,36.0,0.0,1.0,9,1,9.0,0.0,0,0,0,0
488,1.0,0,36.0,0.0,1.0,9,1,9.0,0.0,0,0,0,0
489,1.0,0,36.0,0.0,1.0,9,1,9.0,0.0,0,0,0,0
490,1.0,0,36.0,0.0,1.0,9,1,9.0,0.0,0,0,0,0
491,1.0,0,36.0,0.0,1.0,9,1,9.0,0.0,0,0,0,0
492,1.0,0,36.0,0.0,1.0,9,1,9.0,0.0,0,0,0,0
493,1.0,0,36.0,0.0,1.0,9,1,9.0,0.0,0,0,0,0
494,1.0,0,36.0,0.0,1.0,9,1,9.0,0.0,0,0,0,0
495,1.0,0,36.0,0.0,1.0,9,1,9.0,0.0,0,0,0,0
496,0.9981562012268361,1,35.33511320039338,0.6648867996066201,0.9815309222331494,8,0,9.0,1.5930421400136296,1,0,0,0
497,1.0,0,36.0,0.0,1.0,9,1,9.0,0.0,0,0,0,0
498,0.9940017237407391,2,32.817489311998635,3.182510688001365,0.9115969253332954,6,0,8.0,5.182510688001365,1,0,1,0
499,1.0,0,36.0,0.0,1.0,9,1,9.0,0.0,0,0,0,0
500,1.0,0,36.0,0.0,1.0,9,1,9.0,0.0,0,0,0,0
501,0.9884720425111211,2,29.583789489288428,6.416210510711574,0.8217719302580119,4,0,7.5,9.960155270391413,0,1,0,1
502,0.9978523864307262,1,34.17732815660433,1.8226718433956677,0.9493702265723426,8,0,8.967133719543078,1.8555381238525896,0,0,1,0
503,1.0,0,36.0,0.0,1.0,9,1,9.0,0.0,0,0,0,0
504,1.0,0,36.0,0.0,1.0,9,1,9.0,0.0,0,0,0,0
505,0.9937476406943831,2,33.528912896681874,2.4710871033181263,0.9313586915744965,7,0,8.54823928775857,5.4020384400529124,0,1,1,0
506,1.0,0,36.0,0.0,1.0,9,1,9.0,0.0,0,0,0,0
507,1.0,0,36.0,0.0,1.0,9,1,9.0,0.0,0,0,0,0
508,1.0,0,36.0,0.0,1.0,9,1,9.0,0.0,0,0,0,0
509,1.0,0,36.0,0.0,1.0,9,1,9.0,0.0,0,0,0,0
510,1.0,0,36.0,0.0,1.0,9,1,9.0,0.0,0,0,0,0
511,0.9995487745322101,1,35.61014119582951,0.3898588041704887,0.989170588773042,8,0,9.0,0.3898588041704887,0,0,1,0
512,1.0,0,36.0,0.0,1.0,9,1,9.0,0.0,0,0,0,0
513,1.0,0,36.0,0.0,1.0,9,1,9.0,0.0,0,0,0,0
514,1.0,0,36.0,0.0,1.0,9,1,9.0,0.0,0,0,0,0
515,1.0,0,36.0,0.0,1.0,9,1,9.0,0.0,0,0,0,0
516,0.9987227307330134,1,34.89643935332353,1.103560646676467,0.9693455375923202,8,0,9.0,1.103560646676467,1,0,0,0
517,1.0,0,36.0,0.0,1.0,9,1,9.0,0.0,0,0,0,0
518,1.0,0,36.0,0.0,1.0,9,1,9.0,0.0,0,0,0,0
519,1.0,0,36.0,0.0,1.0,9,1,9.0,0.0,0,0,0,0
520,0.9992445136367151,1,35.349066199885996,0.6509338001140037,0.9819185055523888,8,0,8.998193582235835,0.6527402178781685,0,0,0,1
521,0.9934940338499589,1,32.378845246364605,3.6211547536353947,0.8994123679545724,6,0,8.0,5.621154753635395,1,0,0,0
522,1.0,0,36.0,0.0,1.0,9,1,9.0,0.0,0,0,0,0
523,1.0,0,36.0,0.0,1.0,9,1,9.0,0.0,0,0,0,0
524,0.9952676153729362,1,34.0,2.0,0.9444444444444444,8,0,8.943325588852643,4.088780317783202,0,0,1,0
525,1.0,0,36.0,0.0,1.0,9,1,9.0,0.0,0,0,0,0
526,0.9990029080018383,1,35.941623863917144,0.05837613608285608,0.9983784406643651,8,0,8.5,0.8614874864116473,0,0,1,0
527,1.0,0,36.0,0.0,1.0,9,1,9.0,0.0,0,0,0,0
528,1.0,0,36.0,0.0,1.0,9,1,9.0,0.0,0,0,0,0
529,0.9893471579252541,2,30.752096062976342,5.247903937023658,0.8542248906382317,4,0,7.5,9.20405555258052,0,1,0,1
530,1.0,0,36.0,0.0,1.0,9,1,9.0,0.0,0,0,0,0
531,0.9985130164522142,1,34.71524621471312,1.2847537852868811,0.9643123948531422,8,0,9.0,1.2847537852868811,0,1,0,0
532,1.0,0,36.0,0.0,1.0,9,1,9.0,0.0,0,0,0,0
533,0.999995328996627,1,36.0,0.0,1.0,9,1,8.995964253085738,0.004035746914262006,1,0,0,0
534,1.0,0,36.0,0.0,1.0,9,1,9.0,0.0,0,0,0,0
535,0.9973387468863215,2,33.70067730978181,2.2993226902181885,0.9361299252717169,7,0,9.0,2.2993226902181885,0,0,0,2
536,1.0,0,36.0,0.0,1.0,9,1,9.0,0.0,0,0,0,0
537,0.9977344669655821,1,34.042579458262935,1.9574205417370685,0.9456272071739704,8,0,9.0,1.9574205417370685,0,0,1,0
538,1.0,0,36.0,0.0,1.0,9,1,9.0,0.0,0,0,0,0
539,0.9979881341109841,1,35.07391155561622,0.9260884443837796,0.9742753209893394,8,0,9.0,1.7382521281096786,0,0,0,1
540,0.993361721579726,1,35.976973617832726,0.023026382167273596,0.9993603782731313,8,0,9.0,5.735472555116797,1,0,0,0
541,0.9974826662943108,1,35.70946256560438,0.2905374343956133,0.9919295157112329,8,0,9.0,2.174976321715487,0,0,0,1
542,1.0,0,36.0,0.0,1.0,9,1,9.0,0.0,0,0,0,0
543,0.9886881359574937,3,28.866051801865225,7.133948198134776,0.801834772274034,4,0,7.5,9.773450532725386,0,2,1,0
544,1.0,0,36.0,0.0,1.0,9,1,9.0,0.0,0,0,0,0
545,1.0,0,36.0,0.0,1.0,9,1,9.0,0.0,0,0,0,0
546,0.9847856064131264,2,29.082983204074846,6.917016795925154,0.8078606445576346,4,0,7.5,13.145236059058771,1,0,0,1
547,1.0,0,36.0,0.0,1.0,9,1,9.0,0.0,0,0,0,0
548,1.0,0,36.0,0.0,1.0,9,1,9.0,0.0,0,0,0,0
549,0.9915963764399434,1,34.90693169270685,1.0930683072931515,0.9696369914640791,8,0,9.0,7.260730755888993,0,1,0,0
550,1.0,0,36.0,0.0,1.0,9,1,9.0,0.0,0,0,0,0
551,1.0,0,36.0,0.0,1.0,9,1,9.0,0.0,0,0,0,0
552,1.0,0,36.0,0.0,1.0,9,1,9.0,0.0,0,0,0,0
553,1.0,0,36.0,0.0,1.0,9,1,9.0,0.0,0,0,0,0
554,1.0,0,36.0,0.0,1.0,9,1,9.0,0.0,0,0,0,0
555,0.9988790641062473,1,35.38313999509563,0.6168600049043675,0.9828649998637675,8,0,9.0,0.9684886122023215,0,0,0,1
556,0.9981207228786987,1,35.95533202311759,0.04466797688240831,0.9987592228643776,8,0,9.0,1.6236954328043396,0,0,1,0
557,0.9964057393925982,1,33.89455883520492,2.1054411647950815,0.9415155232001367,7,0,8.5,3.1054411647950815,0,0,1,0
558,1.0,0,36.0,0.0,1.0,9,1,9.0,0.0,0,0,0,0
559,0.9981351225313725,1,34.38874586710592,1.6112541328940821,0.9552429407529421,8,0,9.0,1.6112541328940821,0,1,0,0
560,1.0,0,36.0,0.0,1.0,9,1,9.0,0.0,0,0,0,0
561,1.0,0,36.0,0.0,1.0,9,1,9.0,0.0,0,0,0,0
562,1.0,0,36.0,0.0,1.0,9,1,9.0,0.0,0,0,0,0
563,1.0,0,36.0,0.0,1.0,9,1,9.0,0.0,0,0,0,0
564,0.9986345312050987,1,35.39697300277126,0.6030269972287385,0.9832492500769795,8,0,8.5,1.179765038794713,1,0,0,0
565,1.0,0,36.0,0.0,1.0,9,1,9.0,0.0,0,0,0,0
566,0.9969510708214202,1,34.20611044907246,1.7938895509275383,0.9501697346964573,8,0,8.65961474063461,2.634274810292929,0,0,0,1
567,1.0,0,36.0,0.0,1.0,9,1,9.0,0.0,0,0,0,0
568,0.9972698841749151,1,34.641179927126714,1.3588200728732858,0.9622549979757421,7,0,8.5,2.3588200728732858,1,0,0,0
569,1.0,0,36.0,0.0,1.0,9,1,9.0,0.0,0,0,0,0
570,0.9989056395783253,1,35.98976038092057,0.010239619079428053,0.9997155661366826,8,0,8.5,0.945527404326846,0,1,0,0
571,1.0,0,36.0,0.0,1.0,9,1,9.0,0.0,0,0,0,0
572,1.0,0,36.0,0.0,1.0,9,1,9.0,0.0,0,0,0,0
573,0.9999764355632202,1,35.979640326622345,0.020359673377654985,0.9994344535172873,8,0,9.0,0.020359673377654985,0,0,1,0
574,1.0,0,36.0,0.0,1.0,9,1,9.0,0.0,0,0,0,0
575,1.0,0,36.0,0.0,1.0,9,1,9.0,0.0,0,0,0,0
576,1.0,0,36.0,0.0,1.0,9,1,9.0,0.0,0,0,0,0
577,1.0,0,36.0,0.0,1.0,9,1,9.0,0.0,0,0,0,0
578,1.0,0,36.0,0.0,1.0,9,1,9.0,0.0,0,0,0,0
579,0.9946368508055564,1,33.904044018752145,2.0959559812478545,0.9417790005208929,7,0,8.5,4.633760903999303,0,1,0,0
580,1.0,0,36.0,0.0,1.0,9,1,9.0,0.0,0,0,0,0
581,1.0,0,36.0,0.0,1.0,9,1,9.0,0.0,0,0,0,0
582,1.0,0,36.0,0.0,1.0,9,1,9.0,0.0,0,0,0,0
583,0.9960525618499434,1,33.58941343835115,2.4105865616488487,0.9330392621764209,7,0,8.5,3.4105865616488487,0,1,0,0
584,0.9999910915103527,1,35.99230306494478,0.007696935055221843,0.9997861962484661,8,0,9.0,0.007696935055221843,0,0,1,0
585,1.0,0,36.0,0.0,1.0,9,1,9.0,0.0,0,0,0,0
586,1.0,0,36.0,0.0,1.0,9,1,9.0,0.0,0,0,0,0
587,1.0,0,36.0,0.0,1.0,9,1,9.0,0.0,0,0,0,0
588,1.0,0,36.0,0.0,1.0,9,1,9.0,0.0,0,0,0,0
589,0.9925422988794673,1,31.72072368680474,4.279276313195261,0.8811312135223539,6,0,8.0,6.443453768140252,0,0,0,1
590,1.0,0,36.0,0.0,1.0,9,1,9.0,0.0,0,0,0,0
591,0.9999749784747357,1,35.97838140217162,0.021618597828378938,0.9993994833936561,8,0,9.0,0.021618597828378938,0,1,0,0
592,0.996955896736845,2,34.24557391071776,1.754426089282239,0.9512659419643822,7,0,8.624320869916364,2.630105219365875,1,0,1,0
593,1.0,0,36.0,0.0,1.0,9,1,9.0,0.0,0,0,0,0
594,1.0,0,36.0,0.0,1.0,9,1,9.0,0.0,0,0,0,0
595,1.0,0,36.0,0.0,1.0,9,1,9.0,0.0,0,0,0,0
596,1.0,0,36.0,0.0,1.0,9,1,9.0,0.0,0,0,0,0
597,1.0,0,36.0,0.0,1.0,9,1,9.0,0.0,0,0,0,0
598,1.0,0,36.0,0.0,1.0,9,1,9.0,0.0,0,0,0,0
599,0.9929977697054787,1,35.22380333376454,0.7761966662354567,0.9784389814934595,8,0,9.0,6.0499269744663735,0,1,0,0
600,0.996374920210098,2,33.8679310615247,2.132068938475303,0.9407758628201306,6,0,8.5,3.132068938475303,0,2,0,0
601,1.0,0,36.0,0.0,1.0,9,1,9.0,0.0,0,0,0,0
602,1.0,0,36.0,0.0,1.0,9,1,9.0,0.0,0,0,0,0
603,1.0,0,36.0,0.0,1.0,9,1,9.0,0.0,0,0,0,0
604,1.0,0,36.0,0.0,1.0,9,1,9.0,0.0,0,0,0,0
605,1.0,0,36.0,0.0,1.0,9,1,9.0,0.0,0,0,0,0
606,1.0,0,36.0,0.0,1.0,9,1,9.0,0.0,0,0,0,0
607,1.0,0,36.0,0.0,1.0,9,1,9.0,0.0,0,0,0,0
608,1.0,0,36.0,0.0,1.0,9,1,9.0,0.0,0,0,0,0
609,1.0,0,36.0,0.0,1.0,9,1,9.0,0.0,0,0,0,0
610,0.9980808515701548,1,34.3418557566138,1.6581442433861966,0.9539404376837167,8,0,9.0,1.6581442433861966,1,0,0,0
611,0.9994757720808729,1,35.54706707787418,0.45293292212581804,0.9874185299409495,8,0,9.0,0.45293292212581804,1,0,0,0
612,1.0,0,36.0,0.0,1.0,9,1,9.0,0.0,0,0,0,0
613,0.9991410615496015,1,35.25787717885563,0.7421228211443704,0.9793854771904341,8,0,9.0,0.7421228211443704,1,0,0,0
614,0.9998288254468554,1,35.852105186083065,0.1478948139169347,0.9958918107245296,8,0,9.0,0.1478948139169347,0,0,1,0
615,0.9986810425913629,1,35.860420798937554,0.1395792010624426,0.9961227999704876,7,0,8.5,1.1395792010624426,0,0,1,0
616,1.0,0,36.0,0.0,1.0,9,1,9.0,0.0,0,0,0,0
617,0.9988591154079244,1,35.03556213719486,0.9644378628051413,0.9732100593665238,8,0,8.978713575251817,0.9857242875533245,1,0,0,0
618,0.9985804458146447,1,35.006612373345504,0.9933876266544956,0.9724058992595973,8,0,8.766892810507455,1.2264948161470404,1,0,0,0
619,0.9976183590350141,1,34.942262206252195,1.0577377937478047,0.9706183946181165,7,0,8.5,2.0577377937478047,0,1,0,0
620,0.9994949773109496,1,35.563660396660495,0.43633960333950483,0.9878794554627915,8,0,9.0,0.43633960333950483,1,0,0,0
621,1.0,0,36.0,0.0,1.0,9,1,9.0,0.0,0,0,0,0
622,1.0,0,36.0,0.0,1.0,9,1,9.0,0.0,0,0,0,0
623,1.0,0,36.0,0.0,1.0,9,1,9.0,0.0,0,0,0,0
624,0.9984810252896594,2,34.794248063208926,1.2057519367910743,0.9665068906446924,7,0,8.893357787056779,1.3123941497342955,0,0,2,0
625,0.9994105642213087,1,35.4907274872108,0.5092725127892024,0.985853541311411,8,0,9.0,0.5092725127892024,0,0,0,1
626,1.0,0,36.0,0.0,1.0,9,1,9.0,0.0,0,0,0,0
627,0.9891342190752831,1,34.0,2.0,0.9444444444444444,8,0,8.743553837758107,9.388034718955325,1,0,0,0
628,1.0,0,36.0,0.0,1.0,9,1,9.0,0.0,0,0,0,0
629,0.9924392160685322,1,33.058956164341,2.941043835659002,0.9183043378983611,7,0,8.5,6.532517316788159,0,1,0,0
630,1.0,0,36.0,0.0,1.0,9,1,9.0,0.0,0,0,0,0
631,0.9950072306349204,3,32.68624726857117,3.3137527314288278,0.9079513130158658,7,0,8.5,4.313752731428828,1,0,1,1
632,1.0,0,36.0,0.0,1.0,9,1,9.0,0.0,0,0,0,0
633,0.9971977698157304,2,34.39442002792651,1.6055799720734925,0.9554005563312918,7,0,8.684453092864544,2.4211268792089484,0,0,2,0
634,1.0,0,36.0,0.0,1.0,9,1,9.0,0.0,0,0,0,0
635,0.9995903635502136,1,35.64607410738452,0.3539258926154787,0.9901687252051256,8,0,9.0,0.3539258926154787,1,0,0,0
636,1.0,0,36.0,0.0,1.0,9,1,9.0,0.0,0,0,0,0
637,1.0,0,36.0,0.0,1.0,9,1,9.0,0.0,0,0,0,0
638,1.0,0,36.0,0.0,1.0,9,1,9.0,0.0,0,0,0,0
639,1.0,0,36.0,0.0,1.0,9,1,9.0,0.0,0,0,0,0
640,1.0,0,36.0,0.0,1.0,9,1,9.0,0.0,0,0,0,0
641,1.0,0,36.0,0.0,1.0,9,1,9.0,0.0,0,0,0,0
642,0.9992611752377295,1,35.361655405398324,0.6383445946016764,0.982268205705509,8,0,9.0,0.6383445946016764,0,0,1,0
643,0.9982477062033797,1,35.486018159720054,0.5139818402799463,0.9857227266588904,7,0,8.5,1.5139818402799463,0,0,0,1
644,0.9985995038857022,2,35.371271095823005,0.6287289041769952,0.9825353082173057,7,0,8.918700261423666,1.210028642753329,1,1,0,0
645,1.0,0,36.0,0.0,1.0,9,1,9.0,0.0,0,0,0,0
646,1.0,0,36.0,0.0,1.0,9,1,9.0,0.0,0,0,0,0
647,0.999572957961468,1,35.966474988204205,0.03352501179579548,0.999068749672339,8,0,8.664560690504004,0.36896432129179146,0,0,1,0
648,1.0,0,36.0,0.0,1.0,9,1,9.0,0.0,0,0,0,0
649,1.0,0,36.0,0.0,1.0,9,1,9.0,0.0,0,0,0,0
650,1.0,0,36.0,0.0,1.0,9,1,9.0,0.0,0,0,0,0
651,1.0,0,36.0,0.0,1.0,9,1,9.0,0.0,0,0,0,0
652,1.0,0,36.0,0.0,1.0,9,1,9.0,0.0,0,0,0,0
653,1.0,0,36.0,0.0,1.0,9,1,9.0,0.0,0,0,0,0
654,1.0,0,36.0,0.0,1.0,9,1,9.0,0.0,0,0,0,0
655,1.0,0,36.0,0.0,1.0,9,1,9.0,0.0,0,0,0,0
656,1.0,0,36.0,0.0,1.0,9,1,9.0,0.0,0,0,0,0
657,0.9992842597705898,1,35.70345245845411,0.29654754154589114,0.9917625682903919,8,0,8.6781479833355,0.6183995582103918,1,0,0,0
658,0.9987473740946504,1,35.63999672971076,0.3600032702892406,0.9899999091586322,8,0,9.0,1.0822687822220445,0,0,0,1
659,1.0,0,36.0,0.0,1.0,9,1,9.0,0.0,0,0,0,0
660,0.9962437553628507,3,33.703559439066666,2.2964405609333305,0.9362099844185185,6,0,8.5,3.2453953664969326,1,0,1,1
661,0.994212147765299,1,32.214713914705676,3.7852860852943238,0.8948531642973799,7,0,8.5,5.000704330781687,0,0,1,0
662,1.0,0,36.0,0.0,1.0,9,1,9.0,0.0,0,0,0,0
663,1.0,0,36.0,0.0,1.0,9,1,9.0,0.0,0,0,0,0
664,1.0,0,36.0,0.0,1.0,9,1,9.0,0.0,0,0,0,0
665,1.0,0,36.0,0.0,1.0,9,1,9.0,0.0,0,0,0,0
666,0.9994897754217829,1,35.55916596442035,0.4408340355796483,0.9877546101227875,8,0,9.0,0.4408340355796483,0,0,0,1
667,0.9995980139541174,1,36.0,0.0,1.0,9,1,8.652684056357451,0.34731594364254903,0,0,1,0
668,0.9977033118122707,2,34.707575931768716,1.2924240682312842,0.9640993314380198,7,0,8.370129366566175,1.9843385941981033,1,0,1,0
669,1.0,0,36.0,0.0,1.0,9,1,9.0,0.0,0,0,0,0
670,1.0,0,36.0,0.0,1.0,9,1,9.0,0.0,0,0,0,0
671,0.9979366466736155,2,34.51976879010966,1.4802312098903432,0.958882466391935,7,0,8.697493935894194,1.7827372739961493,0,1,1,0
672,1.0,0,36.0,0.0,1.0,9,1,9.0,0.0,0,0,0,0
673,0.9999328966070956,1,36.0,0.0,1.0,9,1,8.942022668530676,0.057977331469324156,0,0,0,1
674,0.9883985676159094,3,29.493179898513205,6.506820101486797,0.8192549971809223,4,0,7.237116853658584,10.023637579854325,0,1,1,1
675,1.0,0,36.0,0.0,1.0,9,1,9.0,0.0,0,0,0,0
676,1.0,0,36.0,0.0,1.0,9,1,9.0,0.0,0,0,0,0
677,0.9975423290850082,1,34.87657232944701,1.123427670552994,0.9687936758179725,7,0,8.5,2.123427670552994,0,0,1,0
678,1.0,0,36.0,0.0,1.0,9,1,9.0,0.0,0,0,0,0
679,1.0,0,36.0,0.0,1.0,9,1,9.0,0.0,0,0,0,0
680,0.9992016523063124,1,35.349622283951135,0.6503777160488671,0.981933952331976,8,0,8.960605308702874,0.689772407345993,0,1,0,0
681,1.0,0,36.0,0.0,1.0,9,1,9.0,0.0,0,0,0,0
682,0.9989194263073392,1,35.31876332978447,0.6812366702155348,0.9810767591606796,8,0,8.74762099975656,0.9336156704589751,1,0,0,0
683,1.0,0,36.0,0.0,1.0,9,1,9.0,0.0,0,0,0,0
684,1.0,0,36.0,0.0,1.0,9,1,9.0,0.0,0,0,0,0
685,0.9954805692459168,1,33.291403250760915,2.708596749239085,0.9247612014100254,7,0,8.303808577711202,3.9047881715278834,0,0,1,0
686,0.9980838836628902,1,35.34447548473709,0.6555245152629112,0.9817909856871414,7,0,8.5,1.6555245152629112,0,0,1,0
687,1.0,0,36.0,0.0,1.0,9,1,9.0,0.0,0,0,0,0
688,1.0,0,36.0,0.0,1.0,9,1,9.0,0.0,0,0,0,0
689,1.0,0,36.0,0.0,1.0,9,1,9.0,0.0,0,0,0,0
690,0.9976208256037564,1,35.424076149553514,0.5759238504464861,0.9840021152653754,8,0,9.0,2.055606678354522,0,1,0,0
691,1.0,0,36.0,0.0,1.0,9,1,9.0,0.0,0,0,0,0
692,1.0,0,36.0,0.0,1.0,9,1,9.0,0.0,0,0,0,0
693,1.0,0,36.0,0.0,1.0,9,1,9.0,0.0,0,0,0,0
694,1.0,0,36.0,0.0,1.0,9,1,9.0,0.0,0,0,0,0
695,0.9948325045454467,2,34.472312997594386,1.527687002405612,0.9575642499331773,8,0,8.799454509739142,4.464716072734065,1,1,0,0
696,1.0,0,36.0,0.0,1.0,9,1,9.0,0.0,0,0,0,0
697,0.998474237113259,1,34.68174086585579,1.3182591341442151,0.9633816907182163,8,0,9.0,1.3182591341442151,0,1,0,0
698,1.0,0,36.0,0.0,1.0,9,1,9.0,0.0,0,0,0,0
699,1.0,0,36.0,0.0,1.0,9,1,9.0,0.0,0,0,0,0
700,0.9984298461966706,1,34.64338711392337,1.356612886076629,0.9623163087200935,8,0,9.0,1.356612886076629,0,0,0,1
701,0.9994802002317554,1,35.550893000236684,0.44910699976331614,0.9875248055621301,8,0,9.0,0.44910699976331614,0,0,0,1
702,1.0,0,36.0,0.0,1.0,9,1,9.0,0.0,0,0,0,0
703,0.9986359409030008,1,35.45797700613818,0.5420229938618206,0.9849438057260606,8,0,8.5,1.1785470598073573,1,0,0,0
704,0.9921889044301635,1,31.25121342766127,4.748786572338732,0.8680892618794798,6,0,8.0,6.748786572338732,0,1,0,0
705,0.9956066852000218,1,34.40433183442009,1.5956681655799088,0.9556758842894469,8,0,9.0,3.7958239871811514,0,0,0,1
706,0.9995761977240899,1,35.63383483361379,0.3661651663862102,0.9898287453781608,8,0,9.0,0.3661651663862102,1,0,0,0
707,1.0,0,36.0,0.0,1.0,9,1,9.0,0.0,0,0,0,0
708,0.9937191695006825,1,34.64293531979398,1.3570646802060224,0.962303758883166,8,0,9.0,5.426637551410224,0,1,0,0
709,1.0,0,36.0,0.0,1.0,9,1,9.0,0.0,0,0,0,0
710,1.0,0,36.0,0.0,1.0,9,1,9.0,0.0,0,0,0,0
711,1.0,0,36.0,0.0,1.0,9,1,9.0,0.0,0,0,0,0
712,0.9971084753931181,1,34.501722739653985,1.4982772603460148,0.9583811872126107,7,0,8.5,2.498277260346015,0,0,0,1
713,1.0,0,36.0,0.0,1.0,9,1,9.0,0.0,0,0,0,0
714,1.0,0,36.0,0.0,1.0,9,1,9.0,0.0,0,0,0,0
715,1.0,0,36.0,0.0,1.0,9,1,9.0,0.0,0,0,0,0
716,0.9989133599030643,1,35.731193858870895,0.2688061411291063,0.9925331627464138,8,0,8.829949097376574,0.9388570437525328,0,1,0,0
717,0.9969767829334478,1,34.12501202568752,1.874987974312484,0.9479170007135421,8,0,8.76292842881146,2.6120595455010243,0,1,0,0
718,1.0,0,36.0,0.0,1.0,9,1,9.0,0.0,0,0,0,0
719,1.0,0,36.0,0.0,1.0,9,1,9.0,0.0,0,0,0,0
720,0.9998781734627838,1,35.894741871845206,0.1052581281547944,0.9970761631068112,8,0,9.0,0.1052581281547944,0,0,0,1
721,0.997176441350347,1,35.33053893355921,0.669461066440789,0.9814038592655336,8,0,9.0,2.4395546733002504,0,1,0,0
722,0.9996970384522037,1,36.0,0.0,1.0,9,1,8.73824122270404,0.26175877729595953,0,0,0,1
723,0.9990875833046954,1,35.86309687838191,0.13690312161808826,0.9961971355106086,8,0,8.5,0.788328024743258,0,1,0,0
724,1.0,0,36.0,0.0,1.0,9,1,9.0,0.0,0,0,0,0
725,0.9997891871406949,1,35.81785768956036,0.18214231043963736,0.9949404913766767,8,0,9.0,0.18214231043963736,0,1,0,0
726,0.9976546189594396,1,34.97359078095588,1.026409219044119,0.9714886328043301,7,0,8.5,2.026409219044119,0,0,0,1
727,0.9969382813047292,1,34.17678596209245,1.8232140379075492,0.9493551656136793,8,0,8.5,2.6453249527139135,0,0,1,0
728,1.0,0,36.0,0.0,1.0,9,1,9.0,0.0,0,0,0,0
729,1.0,0,36.0,0.0,1.0,9,1,9.0,0.0,0,0,0,0
730,1.0,0,36.0,0.0,1.0,9,1,9.0,0.0,0,0,0,0
731,0.9941258396050722,1,34.47877766707715,1.5212223329228465,0.9577438240854765,8,0,9.0,5.075274581217599,1,0,0,0
732,1.0,0,36.0,0.0,1.0,9,1,9.0,0.0,0,0,0,0
733,1.0,0,36.0,0.0,1.0,9,1,9.0,0.0,0,0,0,0
734,1.0,0,36.0,0.0,1.0,9,1,9.0,0.0,0,0,0,0
735,1.0,0,36.0,0.0,1.0,9,1,9.0,0.0,0,0,0,0
736,1.0,0,36.0,0.0,1.0,9,1,9.0,0.0,0,0,0,0
737,1.0,0,36.0,0.0,1.0,9,1,9.0,0.0,0,0,0,0
738,1.0,0,36.0,0.0,1.0,9,1,9.0,0.0,0,0,0,0
739,0.9968251207858794,1,34.12376566726476,1.8762343327352369,0.9478823796462434,8,0,8.5,2.743095641000181,1,0,0,0
740,1.0,0,36.0,0.0,1.0,9,1,9.0,0.0,0,0,0,0
741,0.995474367512822,2,33.207162450641746,2.7928375493582536,0.922421179184493,6,0,8.382691080436462,3.9101464689217913,0,0,0,2
742,0.9991549775207136,1,35.76734409277587,0.2326559072241281,0.9935373359104409,8,0,8.50255648512077,0.7300994221033577,1,0,0,0
743,0.9934888576173676,3,34.60045420735183,1.3995457926481727,0.9611237279819953,7,0,8.784073473141198,5.625627018594386,1,1,1,0
744,1.0,0,36.0,0.0,1.0,9,1,9.0,0.0,0,0,0,0
745,0.9968160627797892,1,34.24907824173776,1.7509217582622387,0.9513632844927157,7,0,8.5,2.7509217582622387,0,1,0,0
746,0.9994990899284262,1,35.56721369816019,0.4327863018398119,0.9879781582822275,8,0,9.0,0.4327863018398119,1,0,0,0
747,1.0,0,36.0,0.0,1.0,9,1,9.0,0.0,0,0,0,0
748,1.0,0,36.0,0.0,1.0,9,1,9.0,0.0,0,0,0,0
749,0.9977909319953413,1,34.15022792178812,1.8497720782118776,0.9486174422718923,8,0,8.941137322186805,1.908634756025073,0,1,0,0
750,1.0,0,36.0,0.0,1.0,9,1,9.0,0.0,0,0,0,0
751,1.0,0,36.0,0.0,1.0,9,1,9.0,0.0,0,0,0,0
752,1.0,0,36.0,0.0,1.0,9,1,9.0,0.0,0,0,0,0
753,1.0,0,36.0,0.0,1.0,9,1,9.0,0.0,0,0,0,0
754,0.9903335389149915,1,31.77826514744764,4.221734852552359,0.8827295874291011,6,0,8.0,8.351822377447334,0,0,0,1
755,1.0,0,36.0,0.0,1.0,9,1,9.0,0.0,0,0,0,0
756,0.9974040762543515,1,35.19213820738359,0.8078617926164071,0.9775593946495442,8,0,9.0,2.242878116240405,0,0,0,1
757,1.0,0,36.0,0.0,1.0,9,1,9.0,0.0,0,0,0,0
758,0.9992191248854053,1,35.32532390099012,0.6746760990098792,0.9812589972497255,8,0,9.0,0.6746760990098792,0,0,0,1
759,0.9986720520044186,1,34.85265293181756,1.147347068182441,0.9681292481060433,8,0,9.0,1.147347068182441,0,0,1,0
760,0.9968538754515538,1,34.281748390142496,1.7182516098575071,0.9522707886150693,7,0,8.5,2.718251609857507,0,0,0,1
761,0.9978279395577375,1,34.35895690025244,1.641043099747563,0.9544154694514566,8,0,9.0,1.8766602221147721,0,0,0,1
762,1.0,0,36.0,0.0,1.0,9,1,9.0,0.0,0,0,0,0
763,1.0,0,36.0,0.0,1.0,9,1,9.0,0.0,0,0,0,0
764,0.9983856153693926,1,35.56075225321284,0.43924774678716005,0.9877986737003567,8,0,8.5,1.394828320844823,0,0,0,1
765,1.0,0,36.0,0.0,1.0,9,1,9.0,0.0,0,0,0,0
766,0.9952085143414038,2,33.12976355904931,2.8702364409506913,0.9202712099735919,7,0,8.694986971393329,4.1398436090270945,1,0,0,1
767,1.0,0,36.0,0.0,1.0,9,1,9.0,0.0,0,0,0,0
768,0.998014686198371,1,34.997392637216365,1.002607362783639,0.9721497954782323,8,0,8.5,1.715311124607524,1,0,0,0
769,1.0,0,36.0,0.0,1.0,9,1,9.0,0.0,0,0,0,0
770,1.0,0,36.0,0.0,1.0,9,1,9.0,0.0,0,0,0,0
771,1.0,0,36.0,0.0,1.0,9,1,9.0,0.0,0,0,0,0
772,0.9967796799238026,1,34.217643454165525,1.7823565458344746,0.9504900959490423,7,0,8.5,2.7823565458344746,1,0,0,0
773,1.0,0,36.0,0.0,1.0,9,1,9.0,0.0,0,0,0,0
774,0.9994227228689546,1,35.79100933094268,0.20899066905732155,0.9941947036372967,8,0,8.710223227834092,0.49876744122322947,0,1,0,0
775,1.0,0,36.0,0.0,1.0,9,1,9.0,0.0,0,0,0,0
776,1.0,0,36.0,0.0,1.0,9,1,9.0,0.0,0,0,0,0
777,0.9960326086613593,1,33.572173883414486,2.427826116585514,0.9325603856504023,7,0,8.5,3.427826116585514,0,1,0,0
778,1.0,0,36.0,0.0,1.0,9,1,9.0,0.0,0,0,0,0
779,1.0,0,36.0,0.0,1.0,9,1,9.0,0.0,0,0,0,0
780,0.9989209147727003,1,35.62012804034626,0.379871959653741,0.9894480011207294,8,0,8.5,0.9323296363869602,0,0,1,0
781,0.9987783992462903,1,35.202625133490216,0.7973748665097844,0.977850698152506,8,0,8.741911815304569,1.0554630512052157,0,1,0,0
782,1.0,0,36.0,0.0,1.0,9,1,9.0,0.0,0,0,0,0
783,0.9992562374257612,1,35.35738913585771,0.6426108641422914,0.9821496982182697,8,0,9.0,0.6426108641422914,1,0,0,0
784,1.0,0,36.0,0.0,1.0,9,1,9.0,0.0,0,0,0,0
785,1.0,0,36.0,0.0,1.0,9,1,9.0,0.0,0,0,0,0
786,1.0,0,36.0,0.0,1.0,9,1,9.0,0.0,0,0,0,0
787,1.0,0,36.0,0.0,1.0,9,1,9.0,0.0,0,0,0,0
788,1.0,0,36.0,0.0,1.0,9,1,9.0,0.0,0,0,0,0
789,0.996898091437767,1,34.31995100223065,1.6800489977693474,0.9533319722841848,7,0,8.5,2.6800489977693474,0,0,1,0
790,1.0,0,36.0,0.0,1.0,9,1,9.0,0.0,0,0,0,0
791,0.9981231569734385,1,34.37840762505079,1.6215923749492092,0.954955767362522,8,0,9.0,1.6215923749492092,0,1,0,0
792,0.9961278913026114,1,33.65449808545624,2.3455019145437603,0.9348471690404511,7,0,8.5,3.3455019145437603,0,0,1,0
793,1.0,0,36.0,0.0,1.0,9,1,9.0,0.0,0,0,0,0
794,0.9992958828367196,1,36.0,0.0,1.0,9,1,8.812644599356915,0.6083572290742723,0,0,0,1
795,1.0,0,36.0,0.0,1.0,9,1,9.0,0.0,0,0,0,0
796,0.9949201972518532,2,33.15336867956934,2.84663132043066,0.920926907765815,7,0,8.45768174603181,4.3889495743988505,0,1,1,0
797,1.0,0,36.0,0.0,1.0,9,1,9.0,0.0,0,0,0,0
798,0.998504106532168,1,34.70754804379324,1.2924519562067616,0.9640985567720344,8,0,9.0,1.2924519562067616,0,0,0,1
799,1.0,0,36.0,0.0,1.0,9,1,9.0,0.0,0,0,0,0
800,0.998748702924305,1,34.91887932659951,1.0811206734004912,0.9699688701833197,8,0,9.0,1.0811206734004912,1,0,0,0
801,1.0,0,36.0,0.0,1.0,9,1,9.0,0.0,0,0,0,0
802,0.9991720200919066,2,35.385002247987345,0.6149977520126537,0.9829167291107596,7,0,8.899623111419993,0.7153746405926604,0,0,2,0
803,1.0,0,36.0,0.0,1.0,9,1,9.0,0.0,0,0,0,0
804,0.9976249516564965,2,35.07038468914727,0.9296153108527321,0.974177352476313,7,0,8.377573542065708,2.0520417687870243,0,0,1,1
805,0.9985928048497207,1,34.78418339015872,1.2158166098412835,0.9662273163932977,8,0,9.0,1.2158166098412835,0,0,0,1
806,1.0,0,36.0,0.0,1.0,9,1,9.0,0.0,0,0,0,0
807,1.0,0,36.0,0.0,1.0,9,1,9.0,0.0,0,0,0,0
808,0.9998001289028875,1,35.82731137209477,0.17268862790523087,0.9952030936692992,8,0,9.0,0.17268862790523087,0,0,0,1
809,1.0,0,36.0,0.0,1.0,9,1,9.0,0.0,0,0,0,0
810,0.9947912229992918,2,32.499616671388154,3.500383328611843,0.902767129760782,6,0,8.5,4.500383328611843,0,1,0,1
811,1.0,0,36.0,0.0,1.0,9,1,9.0,0.0,0,0,0,0
812,1.0,0,36.0,0.0,1.0,9,1,9.0,0.0,0,0,0,0
813,1.0,0,36.0,0.0,1.0,9,1,9.0,0.0,0,0,0,0
814,0.99311710069694,1,32.05317500215625,3.9468249978437484,0.8903659722821181,6,0,8.0,5.946824997843748,0,0,0,1
815,1.0,0,36.0,0.0,1.0,9,1,9.0,0.0,0,0,0,0
816,1.0,0,36.0,0.0,1.0,9,1,9.0,0.0,0,0,0,0
817,1.0,0,36.0,0.0,1.0,9,1,9.0,0.0,0,0,0,0
818,0.9991501454175917,1,35.2657256407993,0.7342743592006951,0.9796034900222028,8,0,9.0,0.7342743592006951,0,1,0,0
819,0.99839952333611,1,35.1427787679318,0.8572212320681984,0.9761882991092167,8,0,8.97440939446723,1.3828118376009684,1,0,0,0
820,0.9997292428258245,2,35.85886966882083,0.14113033117916984,0.9960797130228009,8,0,8.907196132691489,0.23393419848768104,2,0,0,0
821,0.9999834349407603,1,35.98568778881686,0.01431221118314241,0.9996024385782462,8,0,9.0,0.01431221118314241,1,0,0,0
822,1.0,0,36.0,0.0,1.0,9,1,9.0,0.0,0,0,0,0
823,1.0,0,36.0,0.0,1.0,9,1,9.0,0.0,0,0,0,0
824,1.0,0,36.0,0.0,1.0,9,1,9.0,0.0,0,0,0,0
825,1.0,0,36.0,0.0,1.0,9,1,9.0,0.0,0,0,0,0
826,0.9941917424998726,2,35.200587642213556,0.7994123577864443,0.9777941011725988,7,0,9.0,5.018334480110099,0,1,0,1
827,1.0,0,36.0,0.0,1.0,9,1,9.0,0.0,0,0,0,0
828,0.9999254794818905,1,35.93561427235345,0.06438572764655248,0.9982115075653736,8,0,9.0,0.06438572764655248,0,1,0,0
829,1.0,0,36.0,0.0,1.0,9,1,9.0,0.0,0,0,0,0
830,0.9975134988390367,1,34.85166299692777,1.1483370030722284,0.9681017499146604,7,0,8.5,2.1483370030722284,0,0,1,0
831,0.9926555078238247,2,31.31382390102482,4.6861760989751815,0.8698284416951338,6,0,7.840534858759824,6.3456412402153575,0,1,1,0
832,1.0,0,36.0,0.0,1.0,9,1,9.0,0.0,0,0,0,0
833,1.0,0,36.0,0.0,1.0,9,1,9.0,0.0,0,0,0,0
834,0.9979327724881976,2,34.35029367711273,1.6497063228872708,0.9541748243642425,7,0,8.86362175268989,1.7860845701973815,0,1,1,0
835,1.0,0,36.0,0.0,1.0,9,1,9.0,0.0,0,0,0,0
836,1.0,0,36.0,0.0,1.0,9,1,9.0,0.0,0,0,0,0
837,1.0,0,36.0,0.0,1.0,9,1,9.0,0.0,0,0,0,0
838,1.0,0,36.0,0.0,1.0,9,1,9.0,0.0,0,0,0,0
839,1.0,0,36.0,0.0,1.0,9,1,9.0,0.0,0,0,0,0
840,0.9896939961247708,1,34.0,2.0,0.9444444444444444,8,0,8.671382933212106,8.904387348198116,0,0,0,1
841,1.0,0,36.0,0.0,1.0,9,1,9.0,0.0,0,0,0,0
842,1.0,0,36.0,0.0,1.0,9,1,9.0,0.0,0,0,0,0
843,1.0,0,36.0,0.0,1.0,9,1,9.0,0.0,0,0,0,0
844,1.0,0,36.0,0.0,1.0,9,1,9.0,0.0,0,0,0,0
845,0.9974363276814344,1,34.683121696506305,1.316878303493695,0.9634200471251751,8,0,8.601865420252992,2.2150128832407034,1,0,0,0
846,0.9982635042924431,1,34.948939925938305,1.051060074061695,0.9708038868316196,8,0,8.550727782732636,1.5003322913290589,1,0,0,0
847,1.0,0,36.0,0.0,1.0,9,1,9.0,0.0,0,0,0,0
848,1.0,0,36.0,0.0,1.0,9,1,9.0,0.0,0,0,0,0
849,1.0,0,36.0,0.0,1.0,9,1,9.0,0.0,0,0,0,0
850,1.0,0,36.0,0.0,1.0,9,1,9.0,0.0,0,0,0,0
851,1.0,0,36.0,0.0,1.0,9,1,9.0,0.0,0,0,0,0
852,0.9996873061786677,1,36.0,0.0,1.0,9,1,8.729832538368932,0.2701674616310683,0,0,1,0
853,1.0,0,36.0,0.0,1.0,9,1,9.0,0.0,0,0,0,0
854,1.0,0,36.0,0.0,1.0,9,1,9.0,0.0,0,0,0,0
855,1.0,0,36.0,0.0,1.0,9,1,9.0,0.0,0,0,0,0
856,1.0,0,36.0,0.0,1.0,9,1,9.0,0.0,0,0,0,0
857,0.9999059744819898,1,35.91876195243925,0.08123804756075259,0.9977433875677568,8,0,9.0,0.08123804756075259,0,0,1,0
858,0.997945063093275,1,34.95595605392124,1.0440439460787587,0.9709987792755901,8,0,8.768578458668259,1.7754654874105,0,0,0,1
859,1.0,0,36.0,0.0,1.0,9,1,9.0,0.0,0,0,0,0
860,1.0,0,36.0,0.0,1.0,9,1,9.0,0.0,0,0,0,0
861,1.0,0,36.0,0.0,1.0,9,1,9.0,0.0,0,0,0,0
862,1.0,0,36.0,0.0,1.0,9,1,9.0,0.0,0,0,0,0
863,1.0,0,36.0,0.0,1.0,9,1,9.0,0.0,0,0,0,0
864,1.0,0,36.0,0.0,1.0,9,1,9.0,0.0,0,0,0,0
865,1.0,0,36.0,0.0,1.0,9,1,9.0,0.0,0,0,0,0
866,0.9998725196755602,1,35.889856999684056,0.11014300031594715,0.9969404722134461,8,0,9.0,0.11014300031594715,0,0,0,1
867,1.0,0,36.0,0.0,1.0,9,1,9.0,0.0,0,0,0,0
868,0.9980454842382978,1,34.49155321281426,1.5084467871857399,0.9580987003559517,8,0,8.81974516907502,1.68870161811072,0,0,1,0
869,1.0,0,36.0,0.0,1.0,9,1,9.0,0.0,0,0,0,0
870,1.0,0,36.0,0.0,1.0,9,1,9.0,0.0,0,0,0,0
871,1.0,0,36.0,0.0,1.0,9,1,9.0,0.0,0,0,0,0
872,1.0,0,36.0,0.0,1.0,9,1,9.0,0.0,0,0,0,0
873,1.0,0,36.0,0.0,1.0,9,1,9.0,0.0,0,0,0,0
874,1.0,0,36.0,0.0,1.0,9,1,9.0,0.0,0,0,0,0
875,0.9983664623354352,1,34.96065069638549,1.0393493036145074,0.9711291860107081,8,0,8.627972761430655,1.4113765421838522,0,0,1,0
876,1.0,0,36.0,0.0,1.0,9,1,9.0,0.0,0,0,0,0
877,1.0,0,36.0,0.0,1.0,9,1,9.0,0.0,0,0,0,0
878,1.0,0,36.0,0.0,1.0,9,1,9.0,0.0,0,0,0,0
879,1.0,0,36.0,0.0,1.0,9,1,9.0,0.0,0,0,0,0
880,1.0,0,36.0,0.0,1.0,9,1,9.0,0.0,0,0,0,0
881,0.9968608555723404,1,34.756986447003904,1.2430135529960946,0.9654718457501085,8,0,9.0,2.712220785498003,1,0,0,0
882,1.0,0,36.0,0.0,1.0,9,1,9.0,0.0,0,0,0,0
883,1.0,0,36.0,0.0,1.0,9,1,9.0,0.0,0,0,0,0
884,1.0,0,36.0,0.0,1.0,9,1,9.0,0.0,0,0,0,0
885,0.9925066046693937,1,33.64667475937168,2.3533252406283225,0.9346298544269911,7,0,8.5,6.474293565643876,0,0,1,0
886,1.0,0,36.0,0.0,1.0,9,1,9.0,0.0,0,0,0,0
887,1.0,0,36.0,0.0,1.0,9,1,9.0,0.0,0,0,0,0
888,0.999699197885841,1,35.74010697336672,0.2598930266332804,0.9927807492601867,8,0,9.0,0.2598930266332804,0,0,0,1
889,0.9996001627330776,1,35.93024084917619,0.06975915082381334,0.9980622458104497,8,0,9.0,0.3454593986209673,0,0,0,1
890,0.9992158768263458,1,35.5911565591773,0.4088434408227002,0.988643237754925,8,0,9.0,0.6774824220372437,0,0,0,1
891,1.0,0,36.0,0.0,1.0,9,1,9.0,0.0,0,0,0,0
892,1.0,0,36.0,0.0,1.0,9,1,9.0,0.0,0,0,0,0
893,0.9991079023426884,1,35.22922762408277,0.7707723759172325,0.9785896562245213,8,0,9.0,0.7707723759172325,1,0,0,0
894,0.999378667260653,1,35.46316851320426,0.5368314867957409,0.9850880142556738,8,0,9.0,0.5368314867957409,0,0,1,0
895,0.9964580938312617,2,34.170090444955974,1.829909555044022,0.9491691790265548,6,0,8.5,3.0602069297898424,1,0,1,0
896,1.0,0,36.0,0.0,1.0,9,1,9.0,0.0,0,0,0,0
897,1.0,0,36.0,0.0,1.0,9,1,9.0,0.0,0,0,0,0
898,1.0,0,36.0,0.0,1.0,9,1,9.0,0.0,0,0,0,0
899,1.0,0,36.0,0.0,1.0,9,1,9.0,0.0,0,0,0,0
900,1.0,0,36.0,0.0,1.0,9,1,9.0,0.0,0,0,0,0
901,1.0,0,36.0,0.0,1.0,9,1,9.0,0.0,0,0,0,0
902,1.0,0,36.0,0.0,1.0,9,1,9.0,0.0,0,0,0,0
903,1.0,0,36.0,0.0,1.0,9,1,9.0,0.0,0,0,0,0
904,0.998107104700122,1,35.151382139154556,0.8486178608454438,0.9764272816431822,8,0,8.713156321750759,1.6354615390946847,1,0,0,0
905,1.0,0,36.0,0.0,1.0,9,1,9.0,0.0,0,0,0,0
906,0.9996565983131303,1,35.70330094254446,0.29669905745554104,0.9917583595151238,8,0,9.0,0.29669905745554104,1,0,0,0
907,0.9998491874816482,1,36.0,0.0,1.0,9,1,8.869697984144132,0.1303020158558681,0,1,0,0
908,0.9980019356007069,1,34.52222967875939,1.4777703212406124,0.958950824409983,8,0,8.751442680251436,1.726327640989176,1,0,0,0
909,0.9996544848650112,1,36.0,0.0,1.0,9,1,8.758483899686876,0.29852507663033023,0,1,0,0
910,1.0,0,36.0,0.0,1.0,9,1,9.0,0.0,0,0,0,0
911,1.0,0,36.0,0.0,1.0,9,1,9.0,0.0,0,0,0,0
912,1.0,0,36.0,0.0,1.0,9,1,9.0,0.0,0,0,0,0
913,1.0,0,36.0,0.0,1.0,9,1,9.0,0.0,0,0,0,0
914,1.0,0,36.0,0.0,1.0,9,1,9.0,0.0,0,0,0,0
915,0.9978776961907061,1,35.16632950877012,0.8336704912298813,0.9768424863547255,7,0,8.5,1.8336704912298813,0,1,0,0
916,1.0,0,36.0,0.0,1.0,9,1,9.0,0.0,0,0,0,0
917,1.0,0,36.0,0.0,1.0,9,1,9.0,0.0,0,0,0,0
918,0.9967483806261824,1,34.277667247277094,1.722332752722906,0.9521574235354748,8,0,9.0,2.8093991389784065,0,0,1,0
919,0.9886403751213018,2,32.22352145352553,3.776478546474472,0.8950978181534869,6,0,8.5,9.814715895195285,0,1,0,1
920,1.0,0,36.0,0.0,1.0,9,1,9.0,0.0,0,0,0,0
921,0.996661663897002,1,34.06191626748738,1.9380837325126166,0.9461643407635384,8,0,8.5,2.884322392990306,0,1,0,0
922,0.9992371383153555,1,35.34088750446728,0.6591124955327174,0.9816913195685356,8,0,9.0,0.6591124955327174,0,0,0,1
923,0.9952161371570012,1,34.0,2.0,0.9444444444444444,8,0,8.831537653819918,4.133257496351071,1,0,0,0
924,1.0,0,36.0,0.0,1.0,9,1,9.0,0.0,0,0,0,0
925,1.0,0,36.0,0.0,1.0,9,1,9.0,0.0,0,0,0,0
926,0.9935854013621147,1,32.0,4.0,0.8888888888888888,7,0,7.95778677686706,5.54221322313294,1,0,0,0
927,1.0,0,36.0,0.0,1.0,9,1,9.0,0.0,0,0,0,0
928,0.9986849418576496,1,34.86378976500925,1.1362102349907488,0.9684386045835903,8,0,9.0,1.1362102349907488,0,0,1,0
929,1.0,0,36.0,0.0,1.0,9,1,9.0,0.0,0,0,0,0
930,1.0,0,36.0,0.0,1.0,9,1,9.0,0.0,0,0,0,0
931,1.0,0,36.0,0.0,1.0,9,1,9.0,0.0,0,0,0,0
932,0.9999165228335611,1,36.0,0.0,1.0,9,1,8.92787572819676,0.07212427180323999,0,0,1,0
933,1.0,0,36.0,0.0,1.0,9,1,9.0,0.0,0,0,0,0
934,1.0,0,36.0,0.0,1.0,9,1,9.0,0.0,0,0,0,0
935,1.0,0,36.0,0.0,1.0,9,1,9.0,0.0,0,0,0,0
936,0.9996470424787401,1,36.0,0.0,1.0,9,1,8.695044701631467,0.3049552983685331,0,0,0,1
937,0.9991718925131133,1,35.28451513132991,0.7154848686700923,0.9801254203147197,8,0,9.0,0.7154848686700923,0,0,0,1
938,1.0,0,36.0,0.0,1.0,9,1,9.0,0.0,0,0,0,0
939,0.9993274054846838,1,35.418878338766866,0.5811216612331336,0.983857731632413,8,0,9.0,0.5811216612331336,0,0,0,1
940,1.0,0,36.0,0.0,1.0,9,1,9.0,0.0,0,0,0,0
941,1.0,0,36.0,0.0,1.0,9,1,9.0,0.0,0,0,0,0
942,1.0,0,36.0,0.0,1.0,9,1,9.0,0.0,0,0,0,0
943,1.0,0,36.0,0.0,1.0,9,1,9.0,0.0,0,0,0,0
944,1.0,0,36.0,0.0,1.0,9,1,9.0,0.0,0,0,0,0
945,0.9949796118336807,2,33.86189388012082,2.1381061198791826,0.9406081633366894,7,0,8.5,4.33761537569989,0,2,0,0
946,0.9974773598369777,1,34.04387176262941,1.9561282373705922,0.9456631045174836,8,0,9.0,2.179561100851224,0,0,0,1
947,1.0,0,36.0,0.0,1.0,9,1,9.0,0.0,0,0,0,0
948,0.998281816671726,1,35.18136101954659,0.8186389804534073,0.9772600283207387,8,0,8.834128584824697,1.4845103956287105,0,0,1,0
949,1.0,0,36.0,0.0,1.0,9,1,9.0,0.0,0,0,0,0
950,1.0,0,36.0,0.0,1.0,9,1,9.0,0.0,0,0,0,0
951,1.0,0,36.0,0.0,1.0,9,1,9.0,0.0,0,0,0,0
952,1.0,0,36.0,0.0,1.0,9,1,9.0,0.0,0,0,0,0
953,1.0,0,36.0,0.0,1.0,9,1,9.0,0.0,0,0,0,0
954,1.0,0,36.0,0.0,1.0,9,1,9.0,0.0,0,0,0,0
955,0.996639177383162,1,34.09624925905206,1.9037507409479417,0.9471180349736683,7,0,8.5,2.9037507409479417,0,0,0,1
956,1.0,0,36.0,0.0,1.0,9,1,9.0,0.0,0,0,0,0
957,0.995886550223031,1,34.51591037553544,1.4840896244645592,0.9587752882093178,8,0,9.0,3.5540206073012897,0,0,0,1
958,1.0,0,36.0,0.0,1.0,9,1,9.0,0.0,0,0,0,0
959,1.0,0,36.0,0.0,1.0,9,1,9.0,0.0,0,0,0,0
960,1.0,0,36.0,0.0,1.0,9,1,9.0,0.0,0,0,0,0
961,1.0,0,36.0,0.0,1.0,9,1,9.0,0.0,0,0,0,0
962,0.999873939945091,1,35.891084112558566,0.10891588744143377,0.9969745586821824,8,0,9.0,0.10891588744143377,1,0,0,0
963,0.9965884215401438,1,34.05239621068421,1.9476037893157923,0.945899894741228,7,0,8.5,2.9476037893157923,0,0,1,0
964,1.0,0,36.0,0.0,1.0,9,1,9.0,0.0,0,0,0,0
965,0.9989950264248239,1,35.773318168507444,0.22668183149255583,0.9937032824585401,8,0,9.0,0.8682971689521821,0,0,1,0
966,1.0,0,36.0,0.0,1.0,9,1,9.0,0.0,0,0,0,0
967,1.0,0,36.0,0.0,1.0,9,1,9.0,0.0,0,0,0,0
968,0.9988860635843627,1,35.31850794964965,0.6814920503503501,0.9810696652680458,8,0,9.0,0.9624410631106386,1,0,0,0
969,1.0,0,36.0,0.0,1.0,9,1,9.0,0.0,0,0,0,0
970,1.0,0,36.0,0.0,1.0,9,1,9.0,0.0,0,0,0,0
971,1.0,0,36.0,0.0,1.0,9,1,9.0,0.0,0,0,0,0
972,0.996361228770767,1,33.856101657942745,2.1438983420572555,0.9404472682761873,7,0,8.5,3.1438983420572555,0,1,0,0
973,1.0,0,36.0,0.0,1.0,9,1,9.0,0.0,0,0,0,0
974,0.9961374264618975,1,33.66273646307945,2.3372635369205526,0.935076012863318,7,0,8.5,3.3372635369205526,0,1,0,0
975,1.0,0,36.0,0.0,1.0,9,1,9.0,0.0,0,0,0,0
976,1.0,0,36.0,0.0,1.0,9,1,9.0,0.0,0,0,0,0
977,1.0,0,36.0,0.0,1.0,9,1,9.0,0.0,0,0,0,0
978,0.9980241810734722,1,35.29289244747994,0.707107552520057,0.9803581235411095,7,0,8.5,1.707107552520057,0,0,0,1
979,0.9951425716648253,2,33.49273889115406,2.5072611088459418,0.9303538580876128,7,0,8.53529782335385,4.196818081590873,0,0,2,0
980,0.9981827630315331,1,35.16535790926057,0.8346420907394272,0.9768154974794603,8,0,8.764549349983987,1.57009274075544,0,1,0,0
981,1.0,0,36.0,0.0,1.0,9,1,9.0,0.0,0,0,0,0
982,1.0,0,36.0,0.0,1.0,9,1,9.0,0.0,0,0,0,0
983,1.0,0,36.0,0.0,1.0,9,1,9.0,0.0,0,0,0,0
984,0.9926926147162687,2,33.18876360922445,2.811236390775548,0.9219101002562348,6,0,8.5,6.313580885143878,1,0,0,1
985,1.0,0,36.0,0.0,1.0,9,1,9.0,0.0,0,0,0,0
986,0.9987646638784455,1,35.22819070428214,0.7718092957178584,0.9785608528967261,8,0,8.704478886694844,1.0673304090230147,0,1,0,0
987,1.0,0,36.0,0.0,1.0,9,1,9.0,0.0,0,0,0,0
988,1.0,0,36.0,0.0,1.0,9,1,9.0,0.0,0,0,0,0
989,0.9987050387122482,2,34.89701487405099,1.1029851259490115,0.9693615242791941,7,0,9.0,1.1188465526175477,0,0,2,0
990,1.0,0,36.0,0.0,1.0,9,1,9.0,0.0,0,0,0,0
991,1.0,0,36.0,0.0,1.0,9,1,9.0,0.0,0,0,0,0
992,1.0,0,36.0,0.0,1.0,9,1,9.0,0.0,0,0,0,0
993,1.0,0,36.0,0.0,1.0,9,1,9.0,0.0,0,0,0,0
994,0.9949086379845213,1,33.529934875994726,2.4700651240052736,0.9313870798887424,7,0,8.0,4.398936781373536,0,0,1,0
995,1.0,0,36.0,0.0,1.0,9,1,9.0,0.0,0,0,0,0
996,1.0,0,36.0,0.0,1.0,9,1,9.0,0.0,0,0,0,0
997,1.0,0,36.0,0.0,1.0,9,1,9.0,0.0,0,0,0,0
998,1.0,0,36.0,0.0,1.0,9,1,9.0,0.0,0,0,0,0
999,1.0,0,36.0,0.0,1.0,9,1,9.0,0.0,0,0,0,0
1000,0.997896717467547,1,34.21609753536643,1.7839024646335702,0.9504471537601786,8,0,8.966666356594232,1.8172361080393387,1,0,0,0
