replication,success_rate,completed,cancelled,failures,resource_utilization,requested_jobs,completed_jobs,assumed_jobs,waiting_jobs,working_jobs,wait_aircraft_hours,work_aircraft_hours,wait_resource_aircraft_hours,wait_shift_aircraft_hours,daily_assumed_ready_aircraft
1,1.0,9,0,0,0.03125,18,18,0,0,0,0.0,9.0,0.0,0.0,36
2,1.0,9,0,0,0.03125,18,18,0,0,0,0.0,9.0,0.0,0.0,36
3,0.8888888888888888,8,0,1,0.03125,18,18,0,0,0,0.0,9.0,0.0,0.0,36
4,1.0,9,0,0,0.03125,18,18,0,0,0,0.0,9.0,0.0,0.0,36
5,0.8888888888888888,8,0,1,0.03125,18,18,0,0,0,0.0,9.0,0.0,0.0,36
6,0.8888888888888888,8,0,1,0.03125,18,18,0,0,0,0.0,9.0,0.0,0.0,36
7,1.0,9,0,0,0.03125,18,18,0,0,0,0.0,9.0,0.0,0.0,36
8,1.0,9,0,0,0.03125,18,18,0,0,0,0.0,9.0,0.0,0.0,36
9,0.8888888888888888,8,0,1,0.03125,18,18,0,0,0,0.0,9.0,0.0,0.0,36
10,1.0,9,0,0,0.03125,18,18,0,0,0,0.0,9.0,0.0,0.0,36
11,0.8888888888888888,8,0,1,0.03125,18,18,0,0,0,0.0,9.0,0.0,0.0,36
12,0.8888888888888888,8,0,1,0.03125,18,18,0,0,0,0.0,9.0,0.0,0.0,36
13,1.0,9,0,0,0.03125,18,18,0,0,0,0.0,9.0,0.0,0.0,36
14,1.0,9,0,0,0.03125,18,18,0,0,0,0.0,9.0,0.0,0.0,36
15,1.0,9,0,0,0.03125,18,18,0,0,0,0.0,9.0,0.0,0.0,36
16,1.0,9,0,0,0.03125,18,18,0,0,0,0.0,9.0,0.0,0.0,36
17,1.0,9,0,0,0.03125,18,18,0,0,0,0.0,9.0,0.0,0.0,36
18,1.0,9,0,0,0.03125,18,18,0,0,0,0.0,9.0,0.0,0.0,36
19,0.8888888888888888,8,0,1,0.03125,18,18,0,0,0,0.0,9.0,0.0,0.0,36
20,1.0,9,0,0,0.03125,18,18,0,0,0,0.0,9.0,0.0,0.0,36
21,1.0,9,0,0,0.03125,18,18,0,0,0,0.0,9.0,0.0,0.0,36
22,0.8888888888888888,8,0,1,0.03125,18,18,0,0,0,0.0,9.0,0.0,0.0,36
23,1.0,9,0,0,0.03125,18,18,0,0,0,0.0,9.0,0.0,0.0,36
24,0.8888888888888888,8,0,1,0.03125,18,18,0,0,0,0.0,9.0,0.0,0.0,36
25,1.0,9,0,0,0.03125,18,18,0,0,0,0.0,9.0,0.0,0.0,36
26,0.7777777777777778,7,0,2,0.03125,18,18,0,0,0,0.0,9.0,0.0,0.0,36
27,0.8888888888888888,8,0,1,0.03125,18,18,0,0,0,0.0,9.0,0.0,0.0,36
28,1.0,9,0,0,0.03125,18,18,0,0,0,0.0,9.0,0.0,0.0,36
29,1.0,9,0,0,0.03125,18,18,0,0,0,0.0,9.0,0.0,0.0,36
30,1.0,9,0,0,0.03125,18,18,0,0,0,0.0,9.0,0.0,0.0,36
31,1.0,8,0,1,0.03125,18,18,0,0,0,0.0,9.0,0.0,0.0,36
32,1.0,8,0,1,0.03125,18,18,0,0,0,0.0,9.0,0.0,0.0,36
33,1.0,9,0,0,0.03125,18,18,0,0,0,0.0,9.0,0.0,0.0,36
34,1.0,9,0,0,0.03125,18,18,0,0,0,0.0,9.0,0.0,0.0,36
35,0.8888888888888888,8,0,1,0.03125,18,18,0,0,0,0.0,9.0,0.0,0.0,36
36,0.7777777777777778,7,0,2,0.03125,18,18,0,0,0,0.0,9.0,0.0,0.0,36
37,0.8888888888888888,8,0,1,0.03125,18,18,0,0,0,0.0,9.0,0.0,0.0,36
38,1.0,9,0,0,0.03125,18,18,0,0,0,0.0,9.0,0.0,0.0,36
39,1.0,9,0,0,0.03125,18,18,0,0,0,0.0,9.0,0.0,0.0,36
40,1.0,9,0,0,0.03125,18,18,0,0,0,0.0,9.0,0.0,0.0,36
41,0.8888888888888888,8,0,1,0.03125,18,18,0,0,0,0.0,9.0,0.0,0.0,36
42,1.0,9,0,0,0.03125,18,18,0,0,0,0.0,9.0,0.0,0.0,36
43,1.0,9,0,0,0.03125,18,18,0,0,0,0.0,9.0,0.0,0.0,36
44,1.0,9,0,0,0.03125,18,18,0,0,0,0.0,9.0,0.0,0.0,36
45,0.8888888888888888,8,0,1,0.03125,18,18,0,0,0,0.0,9.0,0.0,0.0,36
46,0.7777777777777778,7,0,2,0.03125,18,18,0,0,0,0.0,9.0,0.0,0.0,36
47,1.0,9,0,0,0.03125,18,18,0,0,0,0.0,9.0,0.0,0.0,36
48,1.0,9,0,0,0.03125,18,18,0,0,0,0.0,9.0,0.0,0.0,36
49,1.0,9,0,0,0.03125,18,18,0,0,0,0.0,9.0,0.0,0.0,36
50,1.0,9,0,0,0.03125,18,18,0,0,0,0.0,9.0,0.0,0.0,36
51,0.8888888888888888,8,0,1,0.03125,18,18,0,0,0,0.0,9.0,0.0,0.0,36
52,0.8888888888888888,8,0,1,0.03125,18,18,0,0,0,0.0,9.0,0.0,0.0,36
53,0.8888888888888888,8,0,1,0.03125,18,18,0,0,0,0.0,9.0,0.0,0.0,36
54,0.8888888888888888,8,0,1,0.03125,18,18,0,0,0,0.0,9.0,0.0,0.0,36
55,0.8888888888888888,7,0,2,0.03125,18,18,0,0,0,0.0,9.0,0.0,0.0,36
56,0.8888888888888888,7,0,2,0.03125,18,18,0,0,0,0.0,9.0,0.0,0.0,36
57,1.0,9,0,0,0.03125,18,18,0,0,0,0.0,9.0,0.0,0.0,36
58,0.8888888888888888,8,0,1,0.03125,18,18,0,0,0,0.0,9.0,0.0,0.0,36
59,0.8888888888888888,8,0,1,0.03125,18,18,0,0,0,0.0,9.0,0.0,0.0,36
60,1.0,9,0,0,0.03125,18,18,0,0,0,0.0,9.0,0.0,0.0,36
61,1.0,9,0,0,0.03125,18,18,0,0,0,0.0,9.0,0.0,0.0,36
62,1.0,9,0,0,0.03125,18,18,0,0,0,0.0,9.0,0.0,0.0,36
63,1.0,9,0,0,0.03125,18,18,0,0,0,0.0,9.0,0.0,0.0,36
64,1.0,9,0,0,0.03125,18,18,0,0,0,0.0,9.0,0.0,0.0,36
65,1.0,9,0,0,0.03125,18,18,0,0,0,0.0,9.0,0.0,0.0,36
66,1.0,9,0,0,0.03125,18,18,0,0,0,0.0,9.0,0.0,0.0,36
67,0.8888888888888888,8,0,1,0.03125,18,18,0,0,0,0.0,9.0,0.0,0.0,36
68,1.0,9,0,0,0.03125,18,18,0,0,0,0.0,9.0,0.0,0.0,36
69,0.8888888888888888,8,0,1,0.03125,18,18,0,0,0,0.0,9.0,0.0,0.0,36
70,0.8888888888888888,8,0,1,0.03125,18,18,0,0,0,0.0,9.0,0.0,0.0,36
71,0.8888888888888888,8,0,1,0.03125,18,18,0,0,0,0.0,9.0,0.0,0.0,36
72,0.7777777777777778,7,0,2,0.03125,18,18,0,0,0,0.0,9.0,0.0,0.0,36
73,1.0,9,0,0,0.03125,18,18,0,0,0,0.0,9.0,0.0,0.0,36
74,1.0,9,0,0,0.03125,18,18,0,0,0,0.0,9.0,0.0,0.0,36
75,0.8888888888888888,8,0,1,0.03125,18,18,0,0,0,0.0,9.0,0.0,0.0,36
76,1.0,9,0,0,0.03125,18,18,0,0,0,0.0,9.0,0.0,0.0,36
77,1.0,9,0,0,0.03125,18,18,0,0,0,0.0,9.0,0.0,0.0,36
78,1.0,9,0,0,0.03125,18,18,0,0,0,0.0,9.0,0.0,0.0,36
79,1.0,9,0,0,0.03125,18,18,0,0,0,0.0,9.0,0.0,0.0,36
80,0.7777777777777778,7,0,2,0.03125,18,18,0,0,0,0.0,9.0,0.0,0.0,36
81,1.0,8,0,1,0.03125,18,18,0,0,0,0.0,9.0,0.0,0.0,36
82,0.8888888888888888,8,0,1,0.03125,18,18,0,0,0,0.0,9.0,0.0,0.0,36
83,1.0,9,0,0,0.03125,18,18,0,0,0,0.0,9.0,0.0,0.0,36
84,0.7777777777777778,7,0,2,0.03125,18,18,0,0,0,0.0,9.0,0.0,0.0,36
85,0.8888888888888888,8,0,1,0.03125,18,18,0,0,0,0.0,9.0,0.0,0.0,36
86,0.8888888888888888,8,0,1,0.03125,18,18,0,0,0,0.0,9.0,0.0,0.0,36
87,1.0,9,0,0,0.03125,18,18,0,0,0,0.0,9.0,0.0,0.0,36
88,1.0,9,0,0,0.03125,18,18,0,0,0,0.0,9.0,0.0,0.0,36
89,0.8888888888888888,8,0,1,0.03125,18,18,0,0,0,0.0,9.0,0.0,0.0,36
90,1.0,9,0,0,0.03125,18,18,0,0,0,0.0,9.0,0.0,0.0,36
91,0.8888888888888888,8,0,1,0.03125,18,18,0,0,0,0.0,9.0,0.0,0.0,36
92,0.8888888888888888,8,0,1,0.03125,18,18,0,0,0,0.0,9.0,0.0,0.0,36
93,1.0,9,0,0,0.03125,18,18,0,0,0,0.0,9.0,0.0,0.0,36
94,0.8888888888888888,8,0,1,0.03125,18,18,0,0,0,0.0,9.0,0.0,0.0,36
95,1.0,8,0,1,0.03125,18,18,0,0,0,0.0,9.0,0.0,0.0,36
96,1.0,9,0,0,0.03125,18,18,0,0,0,0.0,9.0,0.0,0.0,36
97,1.0,9,0,0,0.03125,18,18,0,0,0,0.0,9.0,0.0,0.0,36
98,1.0,9,0,0,0.03125,18,18,0,0,0,0.0,9.0,0.0,0.0,36
99,0.8888888888888888,8,0,1,0.03125,18,18,0,0,0,0.0,9.0,0.0,0.0,36
100,0.8888888888888888,8,0,1,0.03125,18,18,0,0,0,0.0,9.0,0.0,0.0,36
101,0.8888888888888888,8,0,1,0.03125,18,18,0,0,0,0.0,9.0,0.0,0.0,36
102,1.0,9,0,0,0.03125,18,18,0,0,0,0.0,9.0,0.0,0.0,36
103,0.8888888888888888,8,0,1,0.03125,18,18,0,0,0,0.0,9.0,0.0,0.0,36
104,1.0,9,0,0,0.03125,18,18,0,0,0,0.0,9.0,0.0,0.0,36
105,1.0,9,0,0,0.03125,18,18,0,0,0,0.0,9.0,0.0,0.0,36
106,0.8888888888888888,8,0,2,0.031249999999999993,18,18,0,0,0,0.0,8.999999999999998,0.0,0.0,36
107,1.0,9,0,0,0.03125,18,18,0,0,0,0.0,9.0,0.0,0.0,36
108,1.0,9,0,0,0.03125,18,18,0,0,0,0.0,9.0,0.0,0.0,36
109,1.0,9,0,0,0.03125,18,18,0,0,0,0.0,9.0,0.0,0.0,36
110,1.0,9,0,0,0.03125,18,18,0,0,0,0.0,9.0,0.0,0.0,36
111,1.0,7,0,2,0.029513888888888888,17,17,0,0,0,0.0,8.5,0.0,0.0,36
112,0.8888888888888888,8,0,1,0.03125,18,18,0,0,0,0.0,9.0,0.0,0.0,36
113,1.0,8,0,1,0.03125,18,18,0,0,0,0.0,9.0,0.0,0.0,36
114,0.8888888888888888,8,0,1,0.03125,18,18,0,0,0,0.0,9.0,0.0,0.0,36
115,1.0,9,0,0,0.03125,18,18,0,0,0,0.0,9.0,0.0,0.0,36
116,1.0,9,0,0,0.03125,18,18,0,0,0,0.0,9.0,0.0,0.0,36
117,0.8888888888888888,8,0,1,0.03125,18,18,0,0,0,0.0,9.0,0.0,0.0,36
118,0.8888888888888888,7,0,2,0.03125,18,18,0,0,0,0.0,9.0,0.0,0.0,36
119,0.8888888888888888,8,0,1,0.03125,18,18,0,0,0,0.0,9.0,0.0,0.0,36
120,1.0,9,0,0,0.03125,18,18,0,0,0,0.0,9.0,0.0,0.0,36
121,1.0,9,0,0,0.03125,18,18,0,0,0,0.0,9.0,0.0,0.0,36
122,1.0,9,0,0,0.03125,18,18,0,0,0,0.0,9.0,0.0,0.0,36
123,1.0,9,0,0,0.03125,18,18,0,0,0,0.0,9.0,0.0,0.0,36
124,0.8888888888888888,8,0,1,0.03125,18,18,0,0,0,0.0,9.0,0.0,0.0,36
125,1.0,9,0,0,0.03125,18,18,0,0,0,0.0,9.0,0.0,0.0,36
126,1.0,9,0,0,0.03125,18,18,0,0,0,0.0,9.0,0.0,0.0,36
127,0.8888888888888888,8,0,1,0.03125,18,18,0,0,0,0.0,9.0,0.0,0.0,36
128,1.0,9,0,0,0.03125,18,18,0,0,0,0.0,9.0,0.0,0.0,36
129,1.0,9,0,0,0.03125,18,18,0,0,0,0.0,9.0,0.0,0.0,36
130,0.8888888888888888,8,0,1,0.03125,18,18,0,0,0,0.0,9.0,0.0,0.0,36
131,1.0,9,0,0,0.03125,18,18,0,0,0,0.0,9.0,0.0,0.0,36
132,0.7777777777777778,7,0,2,0.03125,18,18,0,0,0,0.0,9.0,0.0,0.0,36
133,1.0,9,0,0,0.03125,18,18,0,0,0,0.0,9.0,0.0,0.0,36
134,1.0,9,0,0,0.03125,18,18,0,0,0,0.0,9.0,0.0,0.0,36
135,1.0,9,0,0,0.03125,18,18,0,0,0,0.0,9.0,0.0,0.0,36
136,1.0,9,0,0,0.03125,18,18,0,0,0,0.0,9.0,0.0,0.0,36
137,1.0,9,0,0,0.03125,18,18,0,0,0,0.0,9.0,0.0,0.0,36
138,0.8888888888888888,8,0,1,0.03125,18,18,0,0,0,0.0,9.0,0.0,0.0,36
139,0.8888888888888888,8,0,1,0.03125,18,18,0,0,0,0.0,9.0,0.0,0.0,36
140,0.8888888888888888,8,0,1,0.03125,18,18,0,0,0,0.0,9.0,0.0,0.0,36
141,1.0,9,0,0,0.03125,18,18,0,0,0,0.0,9.0,0.0,0.0,36
142,1.0,9,0,0,0.03125,18,18,0,0,0,0.0,9.0,0.0,0.0,36
143,0.8888888888888888,8,0,1,0.03125,18,18,0,0,0,0.0,9.0,0.0,0.0,36
144,1.0,9,0,0,0.03125,18,18,0,0,0,0.0,9.0,0.0,0.0,36
145,0.8888888888888888,8,0,1,0.03125,18,18,0,0,0,0.0,9.0,0.0,0.0,36
146,1.0,9,0,0,0.03125,18,18,0,0,0,0.0,9.0,0.0,0.0,36
147,0.8888888888888888,8,0,1,0.03125,18,18,0,0,0,0.0,9.0,0.0,0.0,36
148,1.0,9,0,0,0.03125,18,18,0,0,0,0.0,9.0,0.0,0.0,36
149,0.8888888888888888,8,0,1,0.03125,18,18,0,0,0,0.0,9.0,0.0,0.0,36
150,0.8888888888888888,8,0,1,0.03125,18,18,0,0,0,0.0,9.0,0.0,0.0,36
151,1.0,8,0,1,0.03125,18,18,0,0,0,0.0,9.0,0.0,0.0,36
152,1.0,9,0,0,0.03125,18,18,0,0,0,0.0,9.0,0.0,0.0,36
153,0.8888888888888888,8,0,1,0.03125,18,18,0,0,0,0.0,9.0,0.0,0.0,36
154,1.0,9,0,0,0.03125,18,18,0,0,0,0.0,9.0,0.0,0.0,36
155,1.0,9,0,0,0.03125,18,18,0,0,0,0.0,9.0,0.0,0.0,36
156,1.0,9,0,0,0.03125,18,18,0,0,0,0.0,9.0,0.0,0.0,36
157,1.0,9,0,0,0.03125,18,18,0,0,0,0.0,9.0,0.0,0.0,36
158,1.0,9,0,0,0.03125,18,18,0,0,0,0.0,9.0,0.0,0.0,36
159,1.0,8,0,1,0.03125,18,18,0,0,0,0.0,9.0,0.0,0.0,36
160,1.0,9,0,0,0.03125,18,18,0,0,0,0.0,9.0,0.0,0.0,36
161,1.0,9,0,0,0.03125,18,18,0,0,0,0.0,9.0,0.0,0.0,36
162,0.8888888888888888,8,0,1,0.03125,18,18,0,0,0,0.0,9.0,0.0,0.0,36
163,1.0,9,0,0,0.03125,18,18,0,0,0,0.0,9.0,0.0,0.0,36
164,0.7777777777777778,7,0,2,0.03125,18,18,0,0,0,0.0,9.0,0.0,0.0,36
165,1.0,9,0,0,0.03125,18,18,0,0,0,0.0,9.0,0.0,0.0,36
166,0.7777777777777778,6,0,3,0.03125000000000003,18,18,0,0,0,0.0,9.000000000000007,0.0,0.0,36
167,0.8888888888888888,8,0,1,0.03125,18,18,0,0,0,0.0,9.0,0.0,0.0,36
168,0.7777777777777778,7,0,2,0.03125000000000001,18,18,0,0,0,0.0,9.000000000000002,0.0,0.0,36
169,0.7777777777777778,7,0,2,0.03125,18,18,0,0,0,0.0,9.0,0.0,0.0,36
170,1.0,9,0,0,0.03125,18,18,0,0,0,0.0,9.0,0.0,0.0,36
171,0.8888888888888888,8,0,1,0.03125,18,18,0,0,0,0.0,9.0,0.0,0.0,36
172,1.0,9,0,0,0.03125,18,18,0,0,0,0.0,9.0,0.0,0.0,36
173,1.0,9,0,0,0.03125,18,18,0,0,0,0.0,9.0,0.0,0.0,36
174,1.0,9,0,0,0.03125,18,18,0,0,0,0.0,9.0,0.0,0.0,36
175,1.0,9,0,0,0.03125,18,18,0,0,0,0.0,9.0,0.0,0.0,36
176,0.8888888888888888,8,0,1,0.03125,18,18,0,0,0,0.0,9.0,0.0,0.0,36
177,1.0,9,0,0,0.03125,18,18,0,0,0,0.0,9.0,0.0,0.0,36
178,0.8888888888888888,8,0,1,0.03125,18,18,0,0,0,0.0,9.0,0.0,0.0,36
179,0.8888888888888888,8,0,1,0.03125,18,18,0,0,0,0.0,9.0,0.0,0.0,36
180,0.8888888888888888,8,0,1,0.03125,18,18,0,0,0,0.0,9.0,0.0,0.0,36
181,1.0,8,0,1,0.03125,18,18,0,0,0,0.0,9.0,0.0,0.0,36
182,0.8888888888888888,8,0,1,0.03125,18,18,0,0,0,0.0,9.0,0.0,0.0,36
183,1.0,9,0,0,0.03125,18,18,0,0,0,0.0,9.0,0.0,0.0,36
184,0.7777777777777778,7,0,2,0.03125,18,18,0,0,0,0.0,9.0,0.0,0.0,36
185,0.8888888888888888,8,0,1,0.03125,18,18,0,0,0,0.0,9.0,0.0,0.0,36
186,1.0,9,0,0,0.03125,18,18,0,0,0,0.0,9.0,0.0,0.0,36
187,1.0,9,0,0,0.03125,18,18,0,0,0,0.0,9.0,0.0,0.0,36
188,1.0,9,0,0,0.03125,18,18,0,0,0,0.0,9.0,0.0,0.0,36
189,0.8888888888888888,8,0,1,0.03125,18,18,0,0,0,0.0,9.0,0.0,0.0,36
190,1.0,9,0,0,0.03125,18,18,0,0,0,0.0,9.0,0.0,0.0,36
191,1.0,9,0,0,0.03125,18,18,0,0,0,0.0,9.0,0.0,0.0,36
192,1.0,9,0,0,0.03125,18,18,0,0,0,0.0,9.0,0.0,0.0,36
193,1.0,9,0,0,0.03125,18,18,0,0,0,0.0,9.0,0.0,0.0,36
194,0.8888888888888888,8,0,1,0.03125,18,18,0,0,0,0.0,9.0,0.0,0.0,36
195,1.0,9,0,0,0.03125,18,18,0,0,0,0.0,9.0,0.0,0.0,36
196,1.0,9,0,0,0.03125,18,18,0,0,0,0.0,9.0,0.0,0.0,36
197,0.8888888888888888,8,0,1,0.03125,18,18,0,0,0,0.0,9.0,0.0,0.0,36
198,0.8888888888888888,8,0,1,0.03125,18,18,0,0,0,0.0,9.0,0.0,0.0,36
199,1.0,9,0,0,0.03125,18,18,0,0,0,0.0,9.0,0.0,0.0,36
200,1.0,9,0,0,0.03125,18,18,0,0,0,0.0,9.0,0.0,0.0,36
201,0.8888888888888888,8,0,1,0.03125,18,18,0,0,0,0.0,9.0,0.0,0.0,36
202,1.0,9,0,0,0.03125,18,18,0,0,0,0.0,9.0,0.0,0.0,36
203,1.0,9,0,0,0.03125,18,18,0,0,0,0.0,9.0,0.0,0.0,36
204,0.8888888888888888,8,0,1,0.03125,18,18,0,0,0,0.0,9.0,0.0,0.0,36
205,0.8888888888888888,8,0,1,0.03125,18,18,0,0,0,0.0,9.0,0.0,0.0,36
206,0.8888888888888888,8,0,1,0.03125,18,18,0,0,0,0.0,9.0,0.0,0.0,36
207,0.8888888888888888,7,0,2,0.03125,18,18,0,0,0,0.0,9.0,0.0,0.0,36
208,0.8888888888888888,8,0,1,0.03125,18,18,0,0,0,0.0,9.0,0.0,0.0,36
209,1.0,9,0,0,0.03125,18,18,0,0,0,0.0,9.0,0.0,0.0,36
210,1.0,9,0,0,0.03125,18,18,0,0,0,0.0,9.0,0.0,0.0,36
211,1.0,9,0,0,0.03125,18,18,0,0,0,0.0,9.0,0.0,0.0,36
212,1.0,9,0,0,0.03125,18,18,0,0,0,0.0,9.0,0.0,0.0,36
213,1.0,8,0,1,0.03125,18,18,0,0,0,0.0,9.0,0.0,0.0,36
214,0.7777777777777778,7,0,2,0.03125,18,18,0,0,0,0.0,9.0,0.0,0.0,36
215,1.0,9,0,0,0.03125,18,18,0,0,0,0.0,9.0,0.0,0.0,36
216,1.0,9,0,0,0.03125,18,18,0,0,0,0.0,9.0,0.0,0.0,36
217,1.0,9,0,0,0.03125,18,18,0,0,0,0.0,9.0,0.0,0.0,36
218,1.0,9,0,0,0.03125,18,18,0,0,0,0.0,9.0,0.0,0.0,36
219,1.0,8,0,1,0.03125,18,18,0,0,0,0.0,9.0,0.0,0.0,36
220,1.0,7,0,2,0.03125,18,18,0,0,0,0.0,9.0,0.0,0.0,36
221,1.0,9,0,0,0.03125,18,18,0,0,0,0.0,9.0,0.0,0.0,36
222,1.0,9,0,0,0.03125,18,18,0,0,0,0.0,9.0,0.0,0.0,36
223,1.0,9,0,0,0.03125,18,18,0,0,0,0.0,9.0,0.0,0.0,36
224,1.0,9,0,0,0.03125,18,18,0,0,0,0.0,9.0,0.0,0.0,36
225,0.8888888888888888,8,0,1,0.03125,18,18,0,0,0,0.0,9.0,0.0,0.0,36
226,0.8888888888888888,8,0,1,0.03125,18,18,0,0,0,0.0,9.0,0.0,0.0,36
227,1.0,9,0,0,0.03125,18,18,0,0,0,0.0,9.0,0.0,0.0,36
228,1.0,9,0,0,0.03125,18,18,0,0,0,0.0,9.0,0.0,0.0,36
229,1.0,9,0,0,0.03125,18,18,0,0,0,0.0,9.0,0.0,0.0,36
230,1.0,9,0,0,0.03125,18,18,0,0,0,0.0,9.0,0.0,0.0,36
231,0.8888888888888888,8,0,1,0.03125,18,18,0,0,0,0.0,9.0,0.0,0.0,36
232,0.8888888888888888,8,0,1,0.03125,18,18,0,0,0,0.0,9.0,0.0,0.0,36
233,1.0,9,0,0,0.03125,18,18,0,0,0,0.0,9.0,0.0,0.0,36
234,1.0,9,0,0,0.03125,18,18,0,0,0,0.0,9.0,0.0,0.0,36
235,1.0,9,0,0,0.03125,18,18,0,0,0,0.0,9.0,0.0,0.0,36
236,1.0,9,0,0,0.03125,18,18,0,0,0,0.0,9.0,0.0,0.0,36
237,0.7777777777777778,7,0,2,0.03125,18,18,0,0,0,0.0,9.0,0.0,0.0,36
238,1.0,8,0,2,0.03125,18,18,0,0,0,0.0,9.0,0.0,0.0,36
239,1.0,9,0,0,0.03125,18,18,0,0,0,0.0,9.0,0.0,0.0,36
240,0.7777777777777778,6,0,3,0.029513888888888888,17,17,0,0,0,0.0,8.5,0.0,0.0,36
241,0.8888888888888888,8,0,1,0.03125,18,18,0,0,0,0.0,9.0,0.0,0.0,36
242,1.0,8,0,1,0.03125,18,18,0,0,0,0.0,9.0,0.0,0.0,36
243,1.0,9,0,0,0.03125,18,18,0,0,0,0.0,9.0,0.0,0.0,36
244,1.0,9,0,0,0.03125,18,18,0,0,0,0.0,9.0,0.0,0.0,36
245,1.0,9,0,0,0.03125,18,18,0,0,0,0.0,9.0,0.0,0.0,36
246,1.0,9,0,0,0.03125,18,18,0,0,0,0.0,9.0,0.0,0.0,36
247,1.0,8,0,1,0.03125,18,18,0,0,0,0.0,9.0,0.0,0.0,36
248,1.0,9,0,0,0.03125,18,18,0,0,0,0.0,9.0,0.0,0.0,36
249,1.0,9,0,0,0.03125,18,18,0,0,0,0.0,9.0,0.0,0.0,36
250,1.0,9,0,0,0.03125,18,18,0,0,0,0.0,9.0,0.0,0.0,36
251,1.0,9,0,0,0.03125,18,18,0,0,0,0.0,9.0,0.0,0.0,36
252,0.8888888888888888,8,0,1,0.03125,18,18,0,0,0,0.0,9.0,0.0,0.0,36
253,0.8888888888888888,8,0,1,0.03125,18,18,0,0,0,0.0,9.0,0.0,0.0,36
254,1.0,9,0,0,0.03125,18,18,0,0,0,0.0,9.0,0.0,0.0,36
255,1.0,9,0,0,0.03125,18,18,0,0,0,0.0,9.0,0.0,0.0,36
256,1.0,9,0,0,0.03125,18,18,0,0,0,0.0,9.0,0.0,0.0,36
257,1.0,9,0,0,0.03125,18,18,0,0,0,0.0,9.0,0.0,0.0,36
258,1.0,9,0,0,0.03125,18,18,0,0,0,0.0,9.0,0.0,0.0,36
259,0.8888888888888888,7,0,2,0.03125,18,18,0,0,0,0.0,9.0,0.0,0.0,36
260,1.0,9,0,0,0.03125,18,18,0,0,0,0.0,9.0,0.0,0.0,36
261,1.0,9,0,0,0.03125,18,18,0,0,0,0.0,9.0,0.0,0.0,36
262,0.8888888888888888,8,0,1,0.03125,18,18,0,0,0,0.0,9.0,0.0,0.0,36
263,1.0,9,0,0,0.03125,18,18,0,0,0,0.0,9.0,0.0,0.0,36
264,0.7777777777777778,7,0,2,0.03125,18,18,0,0,0,0.0,9.0,0.0,0.0,36
265,1.0,8,0,1,0.03125,18,18,0,0,0,0.0,9.0,0.0,0.0,36
266,0.7777777777777778,7,0,2,0.03125,18,18,0,0,0,0.0,9.0,0.0,0.0,36
267,1.0,9,0,0,0.03125,18,18,0,0,0,0.0,9.0,0.0,0.0,36
268,1.0,9,0,0,0.03125,18,18,0,0,0,0.0,9.0,0.0,0.0,36
269,1.0,9,0,0,0.03125,18,18,0,0,0,0.0,9.0,0.0,0.0,36
270,0.8888888888888888,8,0,1,0.03125,18,18,0,0,0,0.0,9.0,0.0,0.0,36
271,1.0,9,0,0,0.03125,18,18,0,0,0,0.0,9.0,0.0,0.0,36
272,1.0,9,0,0,0.03125,18,18,0,0,0,0.0,9.0,0.0,0.0,36
273,1.0,9,0,0,0.03125,18,18,0,0,0,0.0,9.0,0.0,0.0,36
274,1.0,8,0,1,0.03125,18,18,0,0,0,0.0,9.0,0.0,0.0,36
275,1.0,9,0,0,0.03125,18,18,0,0,0,0.0,9.0,0.0,0.0,36
276,1.0,9,0,0,0.03125,18,18,0,0,0,0.0,9.0,0.0,0.0,36
277,0.7777777777777778,6,0,3,0.03125,18,18,0,0,0,0.0,9.0,0.0,0.0,36
278,1.0,8,0,1,0.03125,18,18,0,0,0,0.0,9.0,0.0,0.0,36
279,0.8888888888888888,8,0,1,0.03125,18,18,0,0,0,0.0,9.0,0.0,0.0,36
280,1.0,9,0,0,0.03125,18,18,0,0,0,0.0,9.0,0.0,0.0,36
281,1.0,9,0,0,0.03125,18,18,0,0,0,0.0,9.0,0.0,0.0,36
282,1.0,9,0,0,0.03125,18,18,0,0,0,0.0,9.0,0.0,0.0,36
283,0.8888888888888888,8,0,1,0.03125,18,18,0,0,0,0.0,9.0,0.0,0.0,36
284,1.0,9,0,0,0.03125,18,18,0,0,0,0.0,9.0,0.0,0.0,36
285,0.8888888888888888,8,0,1,0.03125,18,18,0,0,0,0.0,9.0,0.0,0.0,36
286,1.0,9,0,0,0.03125,18,18,0,0,0,0.0,9.0,0.0,0.0,36
287,0.8888888888888888,8,0,1,0.03125,18,18,0,0,0,0.0,9.0,0.0,0.0,36
288,0.8888888888888888,8,0,1,0.03125,18,18,0,0,0,0.0,9.0,0.0,0.0,36
289,0.7777777777777778,7,0,2,0.03125,18,18,0,0,0,0.0,9.0,0.0,0.0,36
290,0.8888888888888888,8,0,1,0.03125,18,18,0,0,0,0.0,9.0,0.0,0.0,36
291,1.0,9,0,0,0.03125,18,18,0,0,0,0.0,9.0,0.0,0.0,36
292,0.8888888888888888,8,0,1,0.03125,18,18,0,0,0,0.0,9.0,0.0,0.0,36
293,0.8888888888888888,7,0,2,0.03125,18,18,0,0,0,0.0,9.0,0.0,0.0,36
294,0.8888888888888888,8,0,1,0.03125,18,18,0,0,0,0.0,9.0,0.0,0.0,36
295,1.0,9,0,0,0.03125,18,18,0,0,0,0.0,9.0,0.0,0.0,36
296,1.0,9,0,0,0.03125,18,18,0,0,0,0.0,9.0,0.0,0.0,36
297,0.8888888888888888,8,0,1,0.03125,18,18,0,0,0,0.0,9.0,0.0,0.0,36
298,0.7777777777777778,7,0,2,0.03125,18,18,0,0,0,0.0,9.0,0.0,0.0,36
299,1.0,9,0,0,0.03125,18,18,0,0,0,0.0,9.0,0.0,0.0,36
300,1.0,9,0,0,0.03125,18,18,0,0,0,0.0,9.0,0.0,0.0,36
301,1.0,9,0,0,0.03125,18,18,0,0,0,0.0,9.0,0.0,0.0,36
302,1.0,9,0,0,0.03125,18,18,0,0,0,0.0,9.0,0.0,0.0,36
303,1.0,9,0,0,0.03125,18,18,0,0,0,0.0,9.0,0.0,0.0,36
304,1.0,9,0,0,0.03125,18,18,0,0,0,0.0,9.0,0.0,0.0,36
305,1.0,9,0,0,0.03125,18,18,0,0,0,0.0,9.0,0.0,0.0,36
306,1.0,9,0,0,0.03125,18,18,0,0,0,0.0,9.0,0.0,0.0,36
307,0.8888888888888888,8,0,1,0.03125,18,18,0,0,0,0.0,9.0,0.0,0.0,36
308,1.0,9,0,0,0.03125,18,18,0,0,0,0.0,9.0,0.0,0.0,36
309,1.0,9,0,0,0.03125,18,18,0,0,0,0.0,9.0,0.0,0.0,36
310,1.0,9,0,0,0.03125,18,18,0,0,0,0.0,9.0,0.0,0.0,36
311,0.8888888888888888,8,0,1,0.03125,18,18,0,0,0,0.0,9.0,0.0,0.0,36
312,0.7777777777777778,7,0,2,0.03125,18,18,0,0,0,0.0,9.0,0.0,0.0,36
313,1.0,9,0,0,0.03125,18,18,0,0,0,0.0,9.0,0.0,0.0,36
314,0.8888888888888888,8,0,1,0.03125,18,18,0,0,0,0.0,9.0,0.0,0.0,36
315,1.0,9,0,0,0.03125,18,18,0,0,0,0.0,9.0,0.0,0.0,36
316,1.0,9,0,0,0.03125,18,18,0,0,0,0.0,9.0,0.0,0.0,36
317,1.0,9,0,0,0.03125,18,18,0,0,0,0.0,9.0,0.0,0.0,36
318,1.0,9,0,0,0.03125,18,18,0,0,0,0.0,9.0,0.0,0.0,36
319,1.0,9,0,0,0.03125,18,18,0,0,0,0.0,9.0,0.0,0.0,36
320,1.0,9,0,0,0.03125,18,18,0,0,0,0.0,9.0,0.0,0.0,36
321,1.0,9,0,0,0.03125,18,18,0,0,0,0.0,9.0,0.0,0.0,36
322,0.8888888888888888,8,0,1,0.03125,18,18,0,0,0,0.0,9.0,0.0,0.0,36
323,0.7777777777777778,7,0,2,0.03125,18,18,0,0,0,0.0,9.0,0.0,0.0,36
324,0.8888888888888888,8,0,1,0.03125,18,18,0,0,0,0.0,9.0,0.0,0.0,36
325,1.0,8,0,1,0.03125,18,18,0,0,0,0.0,9.0,0.0,0.0,36
326,1.0,9,0,0,0.03125,18,18,0,0,0,0.0,9.0,0.0,0.0,36
327,1.0,9,0,0,0.03125,18,18,0,0,0,0.0,9.0,0.0,0.0,36
328,1.0,9,0,0,0.03125,18,18,0,0,0,0.0,9.0,0.0,0.0,36
329,1.0,9,0,0,0.03125,18,18,0,0,0,0.0,9.0,0.0,0.0,36
330,0.8888888888888888,8,0,1,0.03125,18,18,0,0,0,0.0,9.0,0.0,0.0,36
331,0.8888888888888888,8,0,1,0.03125,18,18,0,0,0,0.0,9.0,0.0,0.0,36
332,1.0,9,0,0,0.03125,18,18,0,0,0,0.0,9.0,0.0,0.0,36
333,0.8888888888888888,7,0,2,0.03125,18,18,0,0,0,0.0,9.0,0.0,0.0,36
334,0.8888888888888888,8,0,1,0.03125,18,18,0,0,0,0.0,9.0,0.0,0.0,36
335,1.0,9,0,0,0.03125,18,18,0,0,0,0.0,9.0,0.0,0.0,36
336,0.8888888888888888,8,0,1,0.03125,18,18,0,0,0,0.0,9.0,0.0,0.0,36
337,0.8888888888888888,8,0,1,0.03125,18,18,0,0,0,0.0,9.0,0.0,0.0,36
338,0.8888888888888888,8,0,1,0.03125,18,18,0,0,0,0.0,9.0,0.0,0.0,36
339,1.0,9,0,0,0.03125,18,18,0,0,0,0.0,9.0,0.0,0.0,36
340,1.0,9,0,0,0.03125,18,18,0,0,0,0.0,9.0,0.0,0.0,36
341,0.8888888888888888,8,0,1,0.03125,18,18,0,0,0,0.0,9.0,0.0,0.0,36
342,0.7777777777777778,7,0,2,0.03125,18,18,0,0,0,0.0,9.0,0.0,0.0,36
343,0.8888888888888888,8,0,1,0.03125,18,18,0,0,0,0.0,9.0,0.0,0.0,36
344,0.7777777777777778,6,0,3,0.03125,18,18,0,0,0,0.0,9.0,0.0,0.0,36
345,1.0,9,0,0,0.03125,18,18,0,0,0,0.0,9.0,0.0,0.0,36
346,1.0,9,0,0,0.03125,18,18,0,0,0,0.0,9.0,0.0,0.0,36
347,0.8888888888888888,7,0,2,0.03125,18,18,0,0,0,0.0,9.0,0.0,0.0,36
348,1.0,9,0,0,0.03125,18,18,0,0,0,0.0,9.0,0.0,0.0,36
349,1.0,9,0,0,0.03125,18,18,0,0,0,0.0,9.0,0.0,0.0,36
350,0.8888888888888888,8,0,1,0.03125,18,18,0,0,0,0.0,9.0,0.0,0.0,36
351,1.0,9,0,0,0.03125,18,18,0,0,0,0.0,9.0,0.0,0.0,36
352,0.8888888888888888,8,0,1,0.03125,18,18,0,0,0,0.0,9.0,0.0,0.0,36
353,1.0,9,0,0,0.03125,18,18,0,0,0,0.0,9.0,0.0,0.0,36
354,1.0,9,0,0,0.03125,18,18,0,0,0,0.0,9.0,0.0,0.0,36
355,0.7777777777777778,7,0,2,0.03125,18,18,0,0,0,0.0,9.0,0.0,0.0,36
356,1.0,8,0,1,0.03125,18,18,0,0,0,0.0,9.0,0.0,0.0,36
357,1.0,9,0,0,0.03125,18,18,0,0,0,0.0,9.0,0.0,0.0,36
358,0.8888888888888888,8,0,1,0.03125,18,18,0,0,0,0.0,9.0,0.0,0.0,36
359,1.0,9,0,0,0.03125,18,18,0,0,0,0.0,9.0,0.0,0.0,36
360,1.0,9,0,0,0.03125,18,18,0,0,0,0.0,9.0,0.0,0.0,36
361,1.0,9,0,0,0.03125,18,18,0,0,0,0.0,9.0,0.0,0.0,36
362,0.8888888888888888,8,0,1,0.03125,18,18,0,0,0,0.0,9.0,0.0,0.0,36
363,1.0,9,0,0,0.03125,18,18,0,0,0,0.0,9.0,0.0,0.0,36
364,1.0,9,0,0,0.03125,18,18,0,0,0,0.0,9.0,0.0,0.0,36
365,0.7777777777777778,7,0,2,0.03125,18,18,0,0,0,0.0,9.0,0.0,0.0,36
366,0.8888888888888888,7,0,2,0.03125,18,18,0,0,0,0.0,9.0,0.0,0.0,36
367,0.8888888888888888,8,0,2,0.03125,18,18,0,0,0,0.0,9.0,0.0,0.0,36
368,0.8888888888888888,8,0,1,0.03125,18,18,0,0,0,0.0,9.0,0.0,0.0,36
369,0.7777777777777778,7,0,2,0.03125,18,18,0,0,0,0.0,9.0,0.0,0.0,36
370,1.0,9,0,0,0.03125,18,18,0,0,0,0.0,9.0,0.0,0.0,36
371,0.8888888888888888,8,0,1,0.03125,18,18,0,0,0,0.0,9.0,0.0,0.0,36
372,1.0,9,0,0,0.03125,18,18,0,0,0,0.0,9.0,0.0,0.0,36
373,1.0,9,0,0,0.03125,18,18,0,0,0,0.0,9.0,0.0,0.0,36
374,1.0,9,0,0,0.03125,18,18,0,0,0,0.0,9.0,0.0,0.0,36
375,1.0,9,0,0,0.03125,18,18,0,0,0,0.0,9.0,0.0,0.0,36
376,1.0,9,0,0,0.03125,18,18,0,0,0,0.0,9.0,0.0,0.0,36
377,1.0,9,0,0,0.03125,18,18,0,0,0,0.0,9.0,0.0,0.0,36
378,1.0,9,0,0,0.03125,18,18,0,0,0,0.0,9.0,0.0,0.0,36
379,0.7777777777777778,7,0,2,0.03125,18,18,0,0,0,0.0,9.0,0.0,0.0,36
380,0.8888888888888888,8,0,1,0.03125,18,18,0,0,0,0.0,9.0,0.0,0.0,36
381,1.0,9,0,0,0.03125,18,18,0,0,0,0.0,9.0,0.0,0.0,36
382,0.8888888888888888,8,0,1,0.03125,18,18,0,0,0,0.0,9.0,0.0,0.0,36
383,1.0,9,0,0,0.03125,18,18,0,0,0,0.0,9.0,0.0,0.0,36
384,1.0,9,0,0,0.03125,18,18,0,0,0,0.0,9.0,0.0,0.0,36
385,1.0,9,0,0,0.03125,18,18,0,0,0,0.0,9.0,0.0,0.0,36
386,0.8888888888888888,8,0,1,0.03125,18,18,0,0,0,0.0,9.0,0.0,0.0,36
387,0.7777777777777778,7,0,2,0.03125,18,18,0,0,0,0.0,9.0,0.0,0.0,36
388,1.0,9,0,0,0.03125,18,18,0,0,0,0.0,9.0,0.0,0.0,36
389,1.0,9,0,0,0.03125,18,18,0,0,0,0.0,9.0,0.0,0.0,36
390,1.0,9,0,0,0.03125,18,18,0,0,0,0.0,9.0,0.0,0.0,36
391,1.0,9,0,0,0.03125,18,18,0,0,0,0.0,9.0,0.0,0.0,36
392,1.0,9,0,0,0.03125,18,18,0,0,0,0.0,9.0,0.0,0.0,36
393,1.0,9,0,0,0.03125,18,18,0,0,0,0.0,9.0,0.0,0.0,36
394,1.0,9,0,0,0.03125,18,18,0,0,0,0.0,9.0,0.0,0.0,36
395,0.8888888888888888,8,0,1,0.03125,18,18,0,0,0,0.0,9.0,0.0,0.0,36
396,1.0,9,0,0,0.03125,18,18,0,0,0,0.0,9.0,0.0,0.0,36
397,0.8888888888888888,8,0,1,0.03125,18,18,0,0,0,0.0,9.0,0.0,0.0,36
398,1.0,9,0,0,0.03125,18,18,0,0,0,0.0,9.0,0.0,0.0,36
399,0.8888888888888888,8,0,1,0.03125,18,18,0,0,0,0.0,9.0,0.0,0.0,36
400,0.8888888888888888,8,0,1,0.03125,18,18,0,0,0,0.0,9.0,0.0,0.0,36
401,1.0,9,0,0,0.03125,18,18,0,0,0,0.0,9.0,0.0,0.0,36
402,1.0,9,0,0,0.03125,18,18,0,0,0,0.0,9.0,0.0,0.0,36
403,1.0,9,0,0,0.03125,18,18,0,0,0,0.0,9.0,0.0,0.0,36
404,1.0,9,0,0,0.03125,18,18,0,0,0,0.0,9.0,0.0,0.0,36
405,0.7777777777777778,6,0,3,0.03125,18,18,0,0,0,0.0,9.0,0.0,0.0,36
406,1.0,9,0,0,0.03125,18,18,0,0,0,0.0,9.0,0.0,0.0,36
407,1.0,9,0,0,0.03125,18,18,0,0,0,0.0,9.0,0.0,0.0,36
408,1.0,9,0,0,0.03125,18,18,0,0,0,0.0,9.0,0.0,0.0,36
409,0.8888888888888888,8,0,1,0.03125,18,18,0,0,0,0.0,9.0,0.0,0.0,36
410,1.0,9,0,0,0.03125,18,18,0,0,0,0.0,9.0,0.0,0.0,36
411,1.0,9,0,0,0.03125,18,18,0,0,0,0.0,9.0,0.0,0.0,36
412,1.0,9,0,0,0.03125,18,18,0,0,0,0.0,9.0,0.0,0.0,36
413,1.0,9,0,0,0.03125,18,18,0,0,0,0.0,9.0,0.0,0.0,36
414,1.0,8,0,1,0.03125,18,18,0,0,0,0.0,9.0,0.0,0.0,36
415,0.8888888888888888,8,0,1,0.03125,18,18,0,0,0,0.0,9.0,0.0,0.0,36
416,1.0,9,0,0,0.03125,18,18,0,0,0,0.0,9.0,0.0,0.0,36
417,0.8888888888888888,8,0,1,0.03125,18,18,0,0,0,0.0,9.0,0.0,0.0,36
418,1.0,9,0,0,0.03125,18,18,0,0,0,0.0,9.0,0.0,0.0,36
419,1.0,9,0,0,0.03125,18,18,0,0,0,0.0,9.0,0.0,0.0,36
420,1.0,8,0,1,0.03125,18,18,0,0,0,0.0,9.0,0.0,0.0,36
421,0.8888888888888888,8,0,1,0.03125,18,18,0,0,0,0.0,9.0,0.0,0.0,36
422,1.0,9,0,0,0.03125,18,18,0,0,0,0.0,9.0,0.0,0.0,36
423,1.0,9,0,0,0.03125,18,18,0,0,0,0.0,9.0,0.0,0.0,36
424,0.7777777777777778,7,0,2,0.03125,18,18,0,0,0,0.0,9.0,0.0,0.0,36
425,1.0,9,0,0,0.03125,18,18,0,0,0,0.0,9.0,0.0,0.0,36
426,0.8888888888888888,8,0,1,0.03125,18,18,0,0,0,0.0,9.0,0.0,0.0,36
427,0.8888888888888888,8,0,1,0.03125,18,18,0,0,0,0.0,9.0,0.0,0.0,36
428,1.0,9,0,0,0.03125,18,18,0,0,0,0.0,9.0,0.0,0.0,36
429,1.0,9,0,0,0.03125,18,18,0,0,0,0.0,9.0,0.0,0.0,36
430,1.0,9,0,0,0.03125,18,18,0,0,0,0.0,9.0,0.0,0.0,36
431,1.0,9,0,0,0.03125,18,18,0,0,0,0.0,9.0,0.0,0.0,36
432,0.8888888888888888,8,0,1,0.03125,18,18,0,0,0,0.0,9.0,0.0,0.0,36
433,0.8888888888888888,8,0,1,0.03125,18,18,0,0,0,0.0,9.0,0.0,0.0,36
434,0.8888888888888888,8,0,1,0.03125,18,18,0,0,0,0.0,9.0,0.0,0.0,36
435,1.0,9,0,0,0.03125,18,18,0,0,0,0.0,9.0,0.0,0.0,36
436,0.8888888888888888,8,0,1,0.03125,18,18,0,0,0,0.0,9.0,0.0,0.0,36
437,1.0,9,0,0,0.03125,18,18,0,0,0,0.0,9.0,0.0,0.0,36
438,0.8888888888888888,8,0,1,0.03125,18,18,0,0,0,0.0,9.0,0.0,0.0,36
439,1.0,9,0,0,0.03125,18,18,0,0,0,0.0,9.0,0.0,0.0,36
440,1.0,9,0,0,0.03125,18,18,0,0,0,0.0,9.0,0.0,0.0,36
441,1.0,8,0,1,0.03125,18,18,0,0,0,0.0,9.0,0.0,0.0,36
442,0.8888888888888888,8,0,1,0.03125,18,18,0,0,0,0.0,9.0,0.0,0.0,36
443,1.0,9,0,0,0.03125,18,18,0,0,0,0.0,9.0,0.0,0.0,36
444,0.8888888888888888,8,0,1,0.03125,18,18,0,0,0,0.0,9.0,0.0,0.0,36
445,0.8888888888888888,8,0,1,0.03125,18,18,0,0,0,0.0,9.0,0.0,0.0,36
446,0.8888888888888888,8,0,1,0.03125,18,18,0,0,0,0.0,9.0,0.0,0.0,36
447,1.0,9,0,0,0.03125,18,18,0,0,0,0.0,9.0,0.0,0.0,36
448,0.8888888888888888,8,0,1,0.03125,18,18,0,0,0,0.0,9.0,0.0,0.0,36
449,1.0,9,0,0,0.03125,18,18,0,0,0,0.0,9.0,0.0,0.0,36
450,0.8888888888888888,8,0,1,0.03125,18,18,0,0,0,0.0,9.0,0.0,0.0,36
451,1.0,9,0,0,0.03125,18,18,0,0,0,0.0,9.0,0.0,0.0,36
452,1.0,9,0,0,0.03125,18,18,0,0,0,0.0,9.0,0.0,0.0,36
453,1.0,9,0,0,0.03125,18,18,0,0,0,0.0,9.0,0.0,0.0,36
454,0.8888888888888888,8,0,1,0.03125,18,18,0,0,0,0.0,9.0,0.0,0.0,36
455,1.0,9,0,0,0.03125,18,18,0,0,0,0.0,9.0,0.0,0.0,36
456,0.8888888888888888,8,0,1,0.03125,18,18,0,0,0,0.0,9.0,0.0,0.0,36
457,1.0,9,0,0,0.03125,18,18,0,0,0,0.0,9.0,0.0,0.0,36
458,1.0,9,0,0,0.03125,18,18,0,0,0,0.0,9.0,0.0,0.0,36
459,0.7777777777777778,7,0,2,0.03125,18,18,0,0,0,0.0,9.0,0.0,0.0,36
460,0.8888888888888888,8,0,1,0.03125,18,18,0,0,0,0.0,9.0,0.0,0.0,36
461,0.7777777777777778,7,0,2,0.03125,18,18,0,0,0,0.0,9.0,0.0,0.0,36
462,0.8888888888888888,8,0,1,0.03125,18,18,0,0,0,0.0,9.0,0.0,0.0,36
463,1.0,9,0,0,0.03125,18,18,0,0,0,0.0,9.0,0.0,0.0,36
464,1.0,9,0,0,0.03125,18,18,0,0,0,0.0,9.0,0.0,0.0,36
465,0.8888888888888888,8,0,1,0.03125,18,18,0,0,0,0.0,9.0,0.0,0.0,36
466,1.0,8,0,1,0.03125,18,18,0,0,0,0.0,9.0,0.0,0.0,36
467,0.8888888888888888,8,0,1,0.03125,18,18,0,0,0,0.0,9.0,0.0,0.0,36
468,1.0,9,0,0,0.03125,18,18,0,0,0,0.0,9.0,0.0,0.0,36
469,1.0,9,0,0,0.03125,18,18,0,0,0,0.0,9.0,0.0,0.0,36
470,1.0,9,0,0,0.03125,18,18,0,0,0,0.0,9.0,0.0,0.0,36
471,1.0,8,0,1,0.03125,18,18,0,0,0,0.0,9.0,0.0,0.0,36
472,1.0,9,0,0,0.03125,18,18,0,0,0,0.0,9.0,0.0,0.0,36
473,1.0,9,0,0,0.03125,18,18,0,0,0,0.0,9.0,0.0,0.0,36
474,1.0,9,0,0,0.03125,18,18,0,0,0,0.0,9.0,0.0,0.0,36
475,1.0,9,0,0,0.03125,18,18,0,0,0,0.0,9.0,0.0,0.0,36
476,0.8888888888888888,8,0,1,0.03125,18,18,0,0,0,0.0,9.0,0.0,0.0,36
477,0.8888888888888888,8,0,1,0.03125,18,18,0,0,0,0.0,9.0,0.0,0.0,36
478,1.0,9,0,0,0.03125,18,18,0,0,0,0.0,9.0,0.0,0.0,36
479,0.8888888888888888,8,0,1,0.03125,18,18,0,0,0,0.0,9.0,0.0,0.0,36
480,1.0,9,0,0,0.03125,18,18,0,0,0,0.0,9.0,0.0,0.0,36
481,0.8888888888888888,8,0,1,0.03125,18,18,0,0,0,0.0,9.0,0.0,0.0,36
482,1.0,9,0,0,0.03125,18,18,0,0,0,0.0,9.0,0.0,0.0,36
483,1.0,9,0,0,0.03125,18,18,0,0,0,0.0,9.0,0.0,0.0,36
484,0.8888888888888888,8,0,1,0.03125,18,18,0,0,0,0.0,9.0,0.0,0.0,36
485,1.0,9,0,0,0.03125,18,18,0,0,0,0.0,9.0,0.0,0.0,36
486,1.0,9,0,0,0.03125,18,18,0,0,0,0.0,9.0,0.0,0.0,36
487,1.0,9,0,0,0.03125,18,18,0,0,0,0.0,9.0,0.0,0.0,36
488,1.0,9,0,0,0.03125,18,18,0,0,0,0.0,9.0,0.0,0.0,36
489,1.0,9,0,0,0.03125,18,18,0,0,0,0.0,9.0,0.0,0.0,36
490,1.0,9,0,0,0.03125,18,18,0,0,0,0.0,9.0,0.0,0.0,36
491,1.0,9,0,0,0.03125,18,18,0,0,0,0.0,9.0,0.0,0.0,36
492,1.0,9,0,0,0.03125,18,18,0,0,0,0.0,9.0,0.0,0.0,36
493,0.8888888888888888,8,0,1,0.03125,18,18,0,0,0,0.0,9.0,0.0,0.0,36
494,1.0,9,0,0,0.03125,18,18,0,0,0,0.0,9.0,0.0,0.0,36
495,1.0,7,0,2,0.03125,18,18,0,0,0,0.0,9.0,0.0,0.0,36
496,1.0,8,0,1,0.03125,18,18,0,0,0,0.0,9.0,0.0,0.0,36
497,0.8888888888888888,8,0,1,0.03125,18,18,0,0,0,0.0,9.0,0.0,0.0,36
498,0.8888888888888888,7,0,2,0.03125,18,18,0,0,0,0.0,9.0,0.0,0.0,36
499,1.0,9,0,0,0.03125,18,18,0,0,0,0.0,9.0,0.0,0.0,36
500,1.0,9,0,0,0.03125,18,18,0,0,0,0.0,9.0,0.0,0.0,36
501,0.8888888888888888,8,0,1,0.03125,18,18,0,0,0,0.0,9.0,0.0,0.0,36
502,1.0,9,0,0,0.03125,18,18,0,0,0,0.0,9.0,0.0,0.0,36
503,0.8888888888888888,8,0,1,0.03125,18,18,0,0,0,0.0,9.0,0.0,0.0,36
504,0.7777777777777778,7,0,2,0.03125,18,18,0,0,0,0.0,9.0,0.0,0.0,36
505,1.0,9,0,0,0.03125,18,18,0,0,0,0.0,9.0,0.0,0.0,36
506,1.0,9,0,0,0.03125,18,18,0,0,0,0.0,9.0,0.0,0.0,36
507,0.8888888888888888,8,0,1,0.03125,18,18,0,0,0,0.0,9.0,0.0,0.0,36
508,1.0,9,0,0,0.03125,18,18,0,0,0,0.0,9.0,0.0,0.0,36
509,0.8888888888888888,8,0,1,0.03125,18,18,0,0,0,0.0,9.0,0.0,0.0,36
510,0.8888888888888888,8,0,1,0.03125,18,18,0,0,0,0.0,9.0,0.0,0.0,36
511,0.8888888888888888,8,0,1,0.03125,18,18,0,0,0,0.0,9.0,0.0,0.0,36
512,1.0,9,0,0,0.03125,18,18,0,0,0,0.0,9.0,0.0,0.0,36
513,1.0,9,0,0,0.03125,18,18,0,0,0,0.0,9.0,0.0,0.0,36
514,1.0,9,0,0,0.03125,18,18,0,0,0,0.0,9.0,0.0,0.0,36
515,1.0,9,0,0,0.03125,18,18,0,0,0,0.0,9.0,0.0,0.0,36
516,0.8888888888888888,8,0,1,0.03125,18,18,0,0,0,0.0,9.0,0.0,0.0,36
517,0.8888888888888888,8,0,1,0.03125,18,18,0,0,0,0.0,9.0,0.0,0.0,36
518,1.0,9,0,0,0.03125,18,18,0,0,0,0.0,9.0,0.0,0.0,36
519,1.0,9,0,0,0.03125,18,18,0,0,0,0.0,9.0,0.0,0.0,36
520,0.7777777777777778,7,0,2,0.03125,18,18,0,0,0,0.0,9.0,0.0,0.0,36
521,0.8888888888888888,8,0,1,0.03125,18,18,0,0,0,0.0,9.0,0.0,0.0,36
522,0.8888888888888888,8,0,1,0.03125,18,18,0,0,0,0.0,9.0,0.0,0.0,36
523,0.8888888888888888,8,0,1,0.03125,18,18,0,0,0,0.0,9.0,0.0,0.0,36
524,0.8888888888888888,8,0,1,0.03125,18,18,0,0,0,0.0,9.0,0.0,0.0,36
525,0.8888888888888888,8,0,1,0.03125,18,18,0,0,0,0.0,9.0,0.0,0.0,36
526,0.8888888888888888,8,0,1,0.03125,18,18,0,0,0,0.0,9.0,0.0,0.0,36
527,1.0,9,0,0,0.03125,18,18,0,0,0,0.0,9.0,0.0,0.0,36
528,1.0,9,0,0,0.03125,18,18,0,0,0,0.0,9.0,0.0,0.0,36
529,1.0,9,0,0,0.03125,18,18,0,0,0,0.0,9.0,0.0,0.0,36
530,1.0,9,0,0,0.03125,18,18,0,0,0,0.0,9.0,0.0,0.0,36
531,1.0,9,0,0,0.03125,18,18,0,0,0,0.0,9.0,0.0,0.0,36
532,0.8888888888888888,8,0,1,0.031249999999999993,18,18,0,0,0,0.0,8.999999999999998,0.0,0.0,36
533,0.8888888888888888,8,0,1,0.03125,18,18,0,0,0,0.0,9.0,0.0,0.0,36
534,1.0,9,0,0,0.03125,18,18,0,0,0,0.0,9.0,0.0,0.0,36
535,0.8888888888888888,8,0,1,0.03125,18,18,0,0,0,0.0,9.0,0.0,0.0,36
536,1.0,9,0,0,0.03125,18,18,0,0,0,0.0,9.0,0.0,0.0,36
537,0.7777777777777778,7,0,2,0.03125,18,18,0,0,0,0.0,9.0,0.0,0.0,36
538,1.0,9,0,0,0.03125,18,18,0,0,0,0.0,9.0,0.0,0.0,36
539,0.8888888888888888,8,0,1,0.03125,18,18,0,0,0,0.0,9.0,0.0,0.0,36
540,1.0,9,0,0,0.03125,18,18,0,0,0,0.0,9.0,0.0,0.0,36
541,1.0,9,0,0,0.03125,18,18,0,0,0,0.0,9.0,0.0,0.0,36
542,1.0,9,0,0,0.03125,18,18,0,0,0,0.0,9.0,0.0,0.0,36
543,0.8888888888888888,8,0,1,0.03125,18,18,0,0,0,0.0,9.0,0.0,0.0,36
544,0.7777777777777778,7,0,2,0.03125,18,18,0,0,0,0.0,9.0,0.0,0.0,36
545,1.0,9,0,0,0.03125,18,18,0,0,0,0.0,9.0,0.0,0.0,36
546,0.8888888888888888,8,0,1,0.03125,18,18,0,0,0,0.0,9.0,0.0,0.0,36
547,1.0,9,0,0,0.03125,18,18,0,0,0,0.0,9.0,0.0,0.0,36
548,1.0,9,0,0,0.03125,18,18,0,0,0,0.0,9.0,0.0,0.0,36
549,0.8888888888888888,8,0,1,0.03125,18,18,0,0,0,0.0,9.0,0.0,0.0,36
550,1.0,9,0,0,0.03125,18,18,0,0,0,0.0,9.0,0.0,0.0,36
551,0.8888888888888888,8,0,1,0.03125,18,18,0,0,0,0.0,9.0,0.0,0.0,36
552,1.0,9,0,0,0.03125,18,18,0,0,0,0.0,9.0,0.0,0.0,36
553,1.0,9,0,0,0.03125,18,18,0,0,0,0.0,9.0,0.0,0.0,36
554,1.0,9,0,0,0.03125,18,18,0,0,0,0.0,9.0,0.0,0.0,36
555,0.8888888888888888,7,0,2,0.03125,18,18,0,0,0,0.0,9.0,0.0,0.0,36
556,0.8888888888888888,8,0,1,0.03125,18,18,0,0,0,0.0,9.0,0.0,0.0,36
557,0.8888888888888888,8,0,1,0.03125,18,18,0,0,0,0.0,9.0,0.0,0.0,36
558,1.0,8,0,1,0.03125,18,18,0,0,0,0.0,9.0,0.0,0.0,36
559,0.8888888888888888,8,0,1,0.03125,18,18,0,0,0,0.0,9.0,0.0,0.0,36
560,1.0,9,0,0,0.03125,18,18,0,0,0,0.0,9.0,0.0,0.0,36
561,1.0,9,0,0,0.03125,18,18,0,0,0,0.0,9.0,0.0,0.0,36
562,0.8888888888888888,8,0,1,0.03125,18,18,0,0,0,0.0,9.0,0.0,0.0,36
563,1.0,9,0,0,0.03125,18,18,0,0,0,0.0,9.0,0.0,0.0,36
564,1.0,9,0,0,0.03125,18,18,0,0,0,0.0,9.0,0.0,0.0,36
565,1.0,9,0,0,0.03125,18,18,0,0,0,0.0,9.0,0.0,0.0,36
566,1.0,9,0,0,0.03125,18,18,0,0,0,0.0,9.0,0.0,0.0,36
567,0.8888888888888888,8,0,1,0.03125,18,18,0,0,0,0.0,9.0,0.0,0.0,36
568,1.0,9,0,0,0.03125,18,18,0,0,0,0.0,9.0,0.0,0.0,36
569,1.0,9,0,0,0.03125,18,18,0,0,0,0.0,9.0,0.0,0.0,36
570,1.0,9,0,0,0.03125,18,18,0,0,0,0.0,9.0,0.0,0.0,36
571,0.8888888888888888,8,0,1,0.03125,18,18,0,0,0,0.0,9.0,0.0,0.0,36
572,0.8888888888888888,8,0,1,0.03125,18,18,0,0,0,0.0,9.0,0.0,0.0,36
573,0.8888888888888888,8,0,1,0.03125,18,18,0,0,0,0.0,9.0,0.0,0.0,36
574,0.8888888888888888,8,0,1,0.03125,18,18,0,0,0,0.0,9.0,0.0,0.0,36
575,0.8888888888888888,7,0,2,0.03125,18,18,0,0,0,0.0,9.0,0.0,0.0,36
576,1.0,9,0,0,0.03125,18,18,0,0,0,0.0,9.0,0.0,0.0,36
577,1.0,9,0,0,0.03125,18,18,0,0,0,0.0,9.0,0.0,0.0,36
578,0.8888888888888888,8,0,1,0.03125,18,18,0,0,0,0.0,9.0,0.0,0.0,36
579,1.0,9,0,0,0.03125,18,18,0,0,0,0.0,9.0,0.0,0.0,36
580,1.0,9,0,0,0.03125,18,18,0,0,0,0.0,9.0,0.0,0.0,36
581,1.0,9,0,0,0.03125,18,18,0,0,0,0.0,9.0,0.0,0.0,36
582,1.0,9,0,0,0.03125,18,18,0,0,0,0.0,9.0,0.0,0.0,36
583,1.0,9,0,0,0.03125,18,18,0,0,0,0.0,9.0,0.0,0.0,36
584,1.0,9,0,0,0.03125,18,18,0,0,0,0.0,9.0,0.0,0.0,36
585,1.0,9,0,0,0.03125,18,18,0,0,0,0.0,9.0,0.0,0.0,36
586,0.8888888888888888,8,0,1,0.03125,18,18,0,0,0,0.0,9.0,0.0,0.0,36
587,1.0,9,0,0,0.03125,18,18,0,0,0,0.0,9.0,0.0,0.0,36
588,0.8888888888888888,8,0,1,0.03125,18,18,0,0,0,0.0,9.0,0.0,0.0,36
589,1.0,9,0,0,0.03125,18,18,0,0,0,0.0,9.0,0.0,0.0,36
590,1.0,9,0,0,0.03125,18,18,0,0,0,0.0,9.0,0.0,0.0,36
591,1.0,9,0,0,0.03125,18,18,0,0,0,0.0,9.0,0.0,0.0,36
592,0.8888888888888888,7,0,2,0.03125,18,18,0,0,0,0.0,9.0,0.0,0.0,36
593,0.8888888888888888,8,0,1,0.03125,18,18,0,0,0,0.0,9.0,0.0,0.0,36
594,1.0,9,0,0,0.03125,18,18,0,0,0,0.0,9.0,0.0,0.0,36
595,0.8888888888888888,8,0,1,0.03125,18,18,0,0,0,0.0,9.0,0.0,0.0,36
596,1.0,9,0,0,0.03125,18,18,0,0,0,0.0,9.0,0.0,0.0,36
597,1.0,9,0,0,0.03125,18,18,0,0,0,0.0,9.0,0.0,0.0,36
598,1.0,9,0,0,0.03125,18,18,0,0,0,0.0,9.0,0.0,0.0,36
599,1.0,9,0,0,0.03125,18,18,0,0,0,0.0,9.0,0.0,0.0,36
600,1.0,9,0,0,0.03125,18,18,0,0,0,0.0,9.0,0.0,0.0,36
601,1.0,9,0,0,0.03125,18,18,0,0,0,0.0,9.0,0.0,0.0,36
602,1.0,9,0,0,0.03125,18,18,0,0,0,0.0,9.0,0.0,0.0,36
603,0.8888888888888888,8,0,1,0.03125,18,18,0,0,0,0.0,9.0,0.0,0.0,36
604,1.0,9,0,0,0.03125,18,18,0,0,0,0.0,9.0,0.0,0.0,36
605,0.8888888888888888,8,0,1,0.03125,18,18,0,0,0,0.0,9.0,0.0,0.0,36
606,0.8888888888888888,8,0,1,0.03125,18,18,0,0,0,0.0,9.0,0.0,0.0,36
607,1.0,9,0,0,0.03125,18,18,0,0,0,0.0,9.0,0.0,0.0,36
608,1.0,9,0,0,0.03125,18,18,0,0,0,0.0,9.0,0.0,0.0,36
609,1.0,9,0,0,0.03125,18,18,0,0,0,0.0,9.0,0.0,0.0,36
610,0.8888888888888888,8,0,1,0.03125,18,18,0,0,0,0.0,9.0,0.0,0.0,36
611,1.0,9,0,0,0.03125,18,18,0,0,0,0.0,9.0,0.0,0.0,36
612,1.0,9,0,0,0.03125,18,18,0,0,0,0.0,9.0,0.0,0.0,36
613,1.0,9,0,0,0.03125,18,18,0,0,0,0.0,9.0,0.0,0.0,36
614,1.0,9,0,0,0.03125,18,18,0,0,0,0.0,9.0,0.0,0.0,36
615,0.8888888888888888,8,0,1,0.03125,18,18,0,0,0,0.0,9.0,0.0,0.0,36
616,1.0,9,0,0,0.03125,18,18,0,0,0,0.0,9.0,0.0,0.0,36
617,1.0,9,0,0,0.03125,18,18,0,0,0,0.0,9.0,0.0,0.0,36
618,0.7777777777777778,7,0,2,0.03125,18,18,0,0,0,0.0,9.0,0.0,0.0,36
619,1.0,9,0,0,0.03125,18,18,0,0,0,0.0,9.0,0.0,0.0,36
620,0.8888888888888888,8,0,1,0.03125,18,18,0,0,0,0.0,9.0,0.0,0.0,36
621,0.8888888888888888,8,0,1,0.03125,18,18,0,0,0,0.0,9.0,0.0,0.0,36
622,1.0,9,0,0,0.03125,18,18,0,0,0,0.0,9.0,0.0,0.0,36
623,1.0,9,0,0,0.03125,18,18,0,0,0,0.0,9.0,0.0,0.0,36
624,0.8888888888888888,8,0,1,0.031249999999999993,18,18,0,0,0,0.0,8.999999999999998,0.0,0.0,36
625,0.8888888888888888,8,0,1,0.03125,18,18,0,0,0,0.0,9.0,0.0,0.0,36
626,1.0,9,0,0,0.03125,18,18,0,0,0,0.0,9.0,0.0,0.0,36
627,1.0,9,0,0,0.03125,18,18,0,0,0,0.0,9.0,0.0,0.0,36
628,1.0,9,0,0,0.03125,18,18,0,0,0,0.0,9.0,0.0,0.0,36
629,0.8888888888888888,8,0,1,0.03125,18,18,0,0,0,0.0,9.0,0.0,0.0,36
630,1.0,9,0,0,0.03125,18,18,0,0,0,0.0,9.0,0.0,0.0,36
631,0.8888888888888888,8,0,1,0.03125,18,18,0,0,0,0.0,9.0,0.0,0.0,36
632,0.8888888888888888,8,0,1,0.03125,18,18,0,0,0,0.0,9.0,0.0,0.0,36
633,1.0,9,0,0,0.03125,18,18,0,0,0,0.0,9.0,0.0,0.0,36
634,1.0,9,0,0,0.03125,18,18,0,0,0,0.0,9.0,0.0,0.0,36
635,1.0,9,0,0,0.03125,18,18,0,0,0,0.0,9.0,0.0,0.0,36
636,0.8888888888888888,8,0,1,0.03125,18,18,0,0,0,0.0,9.0,0.0,0.0,36
637,1.0,9,0,0,0.03125,18,18,0,0,0,0.0,9.0,0.0,0.0,36
638,1.0,8,0,1,0.03125,18,18,0,0,0,0.0,9.0,0.0,0.0,36
639,1.0,9,0,0,0.03125,18,18,0,0,0,0.0,9.0,0.0,0.0,36
640,1.0,9,0,0,0.03125,18,18,0,0,0,0.0,9.0,0.0,0.0,36
641,1.0,9,0,0,0.03125,18,18,0,0,0,0.0,9.0,0.0,0.0,36
642,0.8888888888888888,8,0,1,0.03125,18,18,0,0,0,0.0,9.0,0.0,0.0,36
643,0.8888888888888888,8,0,1,0.03125,18,18,0,0,0,0.0,9.0,0.0,0.0,36
644,1.0,9,0,0,0.03125,18,18,0,0,0,0.0,9.0,0.0,0.0,36
645,1.0,9,0,0,0.03125,18,18,0,0,0,0.0,9.0,0.0,0.0,36
646,1.0,9,0,0,0.03125,18,18,0,0,0,0.0,9.0,0.0,0.0,36
647,1.0,8,0,1,0.03125,18,18,0,0,0,0.0,9.0,0.0,0.0,36
648,1.0,9,0,0,0.03125,18,18,0,0,0,0.0,9.0,0.0,0.0,36
649,0.8888888888888888,8,0,1,0.03125,18,18,0,0,0,0.0,9.0,0.0,0.0,36
650,1.0,9,0,0,0.03125,18,18,0,0,0,0.0,9.0,0.0,0.0,36
651,0.8888888888888888,8,0,1,0.03125,18,18,0,0,0,0.0,9.0,0.0,0.0,36
652,1.0,9,0,0,0.03125,18,18,0,0,0,0.0,9.0,0.0,0.0,36
653,1.0,9,0,0,0.03125,18,18,0,0,0,0.0,9.0,0.0,0.0,36
654,0.8888888888888888,8,0,1,0.03125,18,18,0,0,0,0.0,9.0,0.0,0.0,36
655,0.8888888888888888,8,0,1,0.03125,18,18,0,0,0,0.0,9.0,0.0,0.0,36
656,0.8888888888888888,8,0,1,0.03125,18,18,0,0,0,0.0,9.0,0.0,0.0,36
657,1.0,9,0,0,0.03125,18,18,0,0,0,0.0,9.0,0.0,0.0,36
658,1.0,9,0,0,0.03125,18,18,0,0,0,0.0,9.0,0.0,0.0,36
659,0.8888888888888888,7,0,3,0.03125,18,18,0,0,0,0.0,9.0,0.0,0.0,36
660,0.8888888888888888,8,0,1,0.03125,18,18,0,0,0,0.0,9.0,0.0,0.0,36
661,0.8888888888888888,8,0,1,0.03125,18,18,0,0,0,0.0,9.0,0.0,0.0,36
662,1.0,9,0,0,0.03125,18,18,0,0,0,0.0,9.0,0.0,0.0,36
663,1.0,9,0,0,0.03125,18,18,0,0,0,0.0,9.0,0.0,0.0,36
664,1.0,9,0,0,0.03125,18,18,0,0,0,0.0,9.0,0.0,0.0,36
665,1.0,8,0,1,0.03125,18,18,0,0,0,0.0,9.0,0.0,0.0,36
666,1.0,9,0,0,0.03125,18,18,0,0,0,0.0,9.0,0.0,0.0,36
667,1.0,9,0,0,0.03125,18,18,0,0,0,0.0,9.0,0.0,0.0,36
668,0.8888888888888888,8,0,1,0.03125,18,18,0,0,0,0.0,9.0,0.0,0.0,36
669,1.0,9,0,0,0.03125,18,18,0,0,0,0.0,9.0,0.0,0.0,36
670,1.0,9,0,0,0.03125,18,18,0,0,0,0.0,9.0,0.0,0.0,36
671,0.6666666666666666,6,0,3,0.03125,18,18,0,0,0,0.0,9.0,0.0,0.0,36
672,1.0,8,0,1,0.03125,18,18,0,0,0,0.0,9.0,0.0,0.0,36
673,1.0,9,0,0,0.03125,18,18,0,0,0,0.0,9.0,0.0,0.0,36
674,0.8888888888888888,8,0,1,0.03125,18,18,0,0,0,0.0,9.0,0.0,0.0,36
675,1.0,9,0,0,0.03125,18,18,0,0,0,0.0,9.0,0.0,0.0,36
676,0.8888888888888888,8,0,1,0.03125,18,18,0,0,0,0.0,9.0,0.0,0.0,36
677,0.8888888888888888,8,0,1,0.03125,18,18,0,0,0,0.0,9.0,0.0,0.0,36
678,1.0,9,0,0,0.03125,18,18,0,0,0,0.0,9.0,0.0,0.0,36
679,1.0,9,0,0,0.03125,18,18,0,0,0,0.0,9.0,0.0,0.0,36
680,0.8888888888888888,8,0,1,0.03125,18,18,0,0,0,0.0,9.0,0.0,0.0,36
681,1.0,9,0,0,0.03125,18,18,0,0,0,0.0,9.0,0.0,0.0,36
682,0.8888888888888888,8,0,1,0.03125,18,18,0,0,0,0.0,9.0,0.0,0.0,36
683,1.0,9,0,0,0.03125,18,18,0,0,0,0.0,9.0,0.0,0.0,36
684,1.0,9,0,0,0.03125,18,18,0,0,0,0.0,9.0,0.0,0.0,36
685,1.0,9,0,0,0.03125,18,18,0,0,0,0.0,9.0,0.0,0.0,36
686,1.0,9,0,0,0.03125,18,18,0,0,0,0.0,9.0,0.0,0.0,36
687,1.0,9,0,0,0.03125,18,18,0,0,0,0.0,9.0,0.0,0.0,36
688,1.0,9,0,0,0.03125,18,18,0,0,0,0.0,9.0,0.0,0.0,36
689,1.0,8,0,1,0.03125,18,18,0,0,0,0.0,9.0,0.0,0.0,36
690,0.8888888888888888,8,0,1,0.03125,18,18,0,0,0,0.0,9.0,0.0,0.0,36
691,1.0,9,0,0,0.03125,18,18,0,0,0,0.0,9.0,0.0,0.0,36
692,1.0,9,0,0,0.03125,18,18,0,0,0,0.0,9.0,0.0,0.0,36
693,1.0,9,0,0,0.03125,18,18,0,0,0,0.0,9.0,0.0,0.0,36
694,1.0,9,0,0,0.03125,18,18,0,0,0,0.0,9.0,0.0,0.0,36
695,0.8888888888888888,8,0,1,0.03125,18,18,0,0,0,0.0,9.0,0.0,0.0,36
696,1.0,9,0,0,0.03125,18,18,0,0,0,0.0,9.0,0.0,0.0,36
697,0.8888888888888888,8,0,1,0.03125,18,18,0,0,0,0.0,9.0,0.0,0.0,36
698,0.8888888888888888,8,0,1,0.03125,18,18,0,0,0,0.0,9.0,0.0,0.0,36
699,0.8888888888888888,8,0,1,0.03125,18,18,0,0,0,0.0,9.0,0.0,0.0,36
700,1.0,8,0,1,0.03125,18,18,0,0,0,0.0,9.0,0.0,0.0,36
701,0.8888888888888888,8,0,1,0.03125,18,18,0,0,0,0.0,9.0,0.0,0.0,36
702,1.0,9,0,0,0.03125,18,18,0,0,0,0.0,9.0,0.0,0.0,36
703,1.0,9,0,0,0.03125,18,18,0,0,0,0.0,9.0,0.0,0.0,36
704,0.8888888888888888,8,0,1,0.03125,18,18,0,0,0,0.0,9.0,0.0,0.0,36
705,1.0,9,0,0,0.03125,18,18,0,0,0,0.0,9.0,0.0,0.0,36
706,1.0,9,0,0,0.03125,18,18,0,0,0,0.0,9.0,0.0,0.0,36
707,1.0,9,0,0,0.03125,18,18,0,0,0,0.0,9.0,0.0,0.0,36
708,1.0,9,0,0,0.03125,18,18,0,0,0,0.0,9.0,0.0,0.0,36
709,1.0,9,0,0,0.03125,18,18,0,0,0,0.0,9.0,0.0,0.0,36
710,1.0,9,0,0,0.03125,18,18,0,0,0,0.0,9.0,0.0,0.0,36
711,1.0,9,0,0,0.03125,18,18,0,0,0,0.0,9.0,0.0,0.0,36
712,0.7777777777777778,7,0,2,0.03125,18,18,0,0,0,0.0,9.0,0.0,0.0,36
713,0.8888888888888888,8,0,1,0.03125,18,18,0,0,0,0.0,9.0,0.0,0.0,36
714,1.0,9,0,0,0.03125,18,18,0,0,0,0.0,9.0,0.0,0.0,36
715,1.0,9,0,0,0.03125,18,18,0,0,0,0.0,9.0,0.0,0.0,36
716,1.0,8,0,1,0.03125,18,18,0,0,0,0.0,9.0,0.0,0.0,36
717,0.8888888888888888,7,0,2,0.03125,18,18,0,0,0,0.0,9.0,0.0,0.0,36
718,1.0,9,0,0,0.03125,18,18,0,0,0,0.0,9.0,0.0,0.0,36
719,1.0,9,0,0,0.03125,18,18,0,0,0,0.0,9.0,0.0,0.0,36
720,0.8888888888888888,8,0,1,0.03125,18,18,0,0,0,0.0,9.0,0.0,0.0,36
721,1.0,9,0,0,0.03125,18,18,0,0,0,0.0,9.0,0.0,0.0,36
722,0.8888888888888888,8,0,1,0.03125,18,18,0,0,0,0.0,9.0,0.0,0.0,36
723,0.7777777777777778,7,0,2,0.03125,18,18,0,0,0,0.0,9.0,0.0,0.0,36
724,1.0,9,0,0,0.03125,18,18,0,0,0,0.0,9.0,0.0,0.0,36
725,0.8888888888888888,8,0,1,0.03125,18,18,0,0,0,0.0,9.0,0.0,0.0,36
726,1.0,9,0,0,0.03125,18,18,0,0,0,0.0,9.0,0.0,0.0,36
727,0.7777777777777778,7,0,2,0.03125,18,18,0,0,0,0.0,9.0,0.0,0.0,36
728,1.0,9,0,0,0.03125,18,18,0,0,0,0.0,9.0,0.0,0.0,36
729,0.7777777777777778,6,0,3,0.03125,18,18,0,0,0,0.0,9.0,0.0,0.0,36
730,1.0,9,0,0,0.03125,18,18,0,0,0,0.0,9.0,0.0,0.0,36
731,1.0,9,0,0,0.03125,18,18,0,0,0,0.0,9.0,0.0,0.0,36
732,1.0,9,0,0,0.03125,18,18,0,0,0,0.0,9.0,0.0,0.0,36
733,1.0,9,0,0,0.03125,18,18,0,0,0,0.0,9.0,0.0,0.0,36
734,0.8888888888888888,8,0,1,0.03125,18,18,0,0,0,0.0,9.0,0.0,0.0,36
735,1.0,9,0,0,0.03125,18,18,0,0,0,0.0,9.0,0.0,0.0,36
736,1.0,9,0,0,0.03125,18,18,0,0,0,0.0,9.0,0.0,0.0,36
737,1.0,9,0,0,0.03125,18,18,0,0,0,0.0,9.0,0.0,0.0,36
738,1.0,9,0,0,0.03125,18,18,0,0,0,0.0,9.0,0.0,0.0,36
739,1.0,8,0,1,0.03125,18,18,0,0,0,0.0,9.0,0.0,0.0,36
740,0.8888888888888888,8,0,1,0.03125,18,18,0,0,0,0.0,9.0,0.0,0.0,36
741,0.8888888888888888,8,0,1,0.03125,18,18,0,0,0,0.0,9.0,0.0,0.0,36
742,1.0,9,0,0,0.03125,18,18,0,0,0,0.0,9.0,0.0,0.0,36
743,1.0,9,0,0,0.03125,18,18,0,0,0,0.0,9.0,0.0,0.0,36
744,0.8888888888888888,8,0,1,0.03125,18,18,0,0,0,0.0,9.0,0.0,0.0,36
745,0.8888888888888888,8,0,1,0.03125,18,18,0,0,0,0.0,9.0,0.0,0.0,36
746,1.0,9,0,0,0.03125,18,18,0,0,0,0.0,9.0,0.0,0.0,36
747,0.8888888888888888,8,0,1,0.03125,18,18,0,0,0,0.0,9.0,0.0,0.0,36
748,1.0,9,0,0,0.03125,18,18,0,0,0,0.0,9.0,0.0,0.0,36
749,1.0,9,0,0,0.03125,18,18,0,0,0,0.0,9.0,0.0,0.0,36
750,0.7777777777777778,7,0,2,0.03125,18,18,0,0,0,0.0,9.0,0.0,0.0,36
751,1.0,9,0,0,0.03125,18,18,0,0,0,0.0,9.0,0.0,0.0,36
752,1.0,9,0,0,0.03125,18,18,0,0,0,0.0,9.0,0.0,0.0,36
753,0.8888888888888888,8,0,1,0.03125,18,18,0,0,0,0.0,9.0,0.0,0.0,36
754,1.0,9,0,0,0.03125,18,18,0,0,0,0.0,9.0,0.0,0.0,36
755,1.0,9,0,0,0.03125,18,18,0,0,0,0.0,9.0,0.0,0.0,36
756,1.0,9,0,0,0.03125,18,18,0,0,0,0.0,9.0,0.0,0.0,36
757,1.0,9,0,0,0.03125,18,18,0,0,0,0.0,9.0,0.0,0.0,36
758,1.0,9,0,0,0.03125,18,18,0,0,0,0.0,9.0,0.0,0.0,36
759,0.8888888888888888,8,0,1,0.03125000000000001,18,18,0,0,0,0.0,9.000000000000002,0.0,0.0,36
760,0.8888888888888888,8,0,1,0.03125,18,18,0,0,0,0.0,9.0,0.0,0.0,36
761,0.8888888888888888,8,0,1,0.03125,18,18,0,0,0,0.0,9.0,0.0,0.0,36
762,1.0,9,0,0,0.03125,18,18,0,0,0,0.0,9.0,0.0,0.0,36
763,1.0,9,0,0,0.03125,18,18,0,0,0,0.0,9.0,0.0,0.0,36
764,1.0,9,0,0,0.03125,18,18,0,0,0,0.0,9.0,0.0,0.0,36
765,1.0,9,0,0,0.03125,18,18,0,0,0,0.0,9.0,0.0,0.0,36
766,0.8888888888888888,8,0,1,0.03125,18,18,0,0,0,0.0,9.0,0.0,0.0,36
767,1.0,9,0,0,0.03125,18,18,0,0,0,0.0,9.0,0.0,0.0,36
768,0.8888888888888888,8,0,1,0.03125,18,18,0,0,0,0.0,9.0,0.0,0.0,36
769,0.8888888888888888,8,0,1,0.03125,18,18,0,0,0,0.0,9.0,0.0,0.0,36
770,1.0,9,0,0,0.03125,18,18,0,0,0,0.0,9.0,0.0,0.0,36
771,1.0,9,0,0,0.03125,18,18,0,0,0,0.0,9.0,0.0,0.0,36
772,1.0,9,0,0,0.03125,18,18,0,0,0,0.0,9.0,0.0,0.0,36
773,0.8888888888888888,8,0,1,0.03125,18,18,0,0,0,0.0,9.0,0.0,0.0,36
774,0.8888888888888888,8,0,1,0.03125,18,18,0,0,0,0.0,9.0,0.0,0.0,36
775,1.0,9,0,0,0.03125,18,18,0,0,0,0.0,9.0,0.0,0.0,36
776,1.0,9,0,0,0.03125,18,18,0,0,0,0.0,9.0,0.0,0.0,36
777,1.0,9,0,0,0.03125,18,18,0,0,0,0.0,9.0,0.0,0.0,36
778,0.8888888888888888,7,0,2,0.03125,18,18,0,0,0,0.0,9.0,0.0,0.0,36
779,1.0,9,0,0,0.03125,18,18,0,0,0,0.0,9.0,0.0,0.0,36
780,0.8888888888888888,8,0,1,0.03125,18,18,0,0,0,0.0,9.0,0.0,0.0,36
781,0.8888888888888888,8,0,1,0.03125,18,18,0,0,0,0.0,9.0,0.0,0.0,36
782,1.0,9,0,0,0.03125,18,18,0,0,0,0.0,9.0,0.0,0.0,36
783,0.8888888888888888,8,0,1,0.03125,18,18,0,0,0,0.0,9.0,0.0,0.0,36
784,1.0,9,0,0,0.03125,18,18,0,0,0,0.0,9.0,0.0,0.0,36
785,0.7777777777777778,6,0,3,0.03125,18,18,0,0,0,0.0,9.0,0.0,0.0,36
786,1.0,9,0,0,0.03125,18,18,0,0,0,0.0,9.0,0.0,0.0,36
787,1.0,8,0,1,0.03125,18,18,0,0,0,0.0,9.0,0.0,0.0,36
788,0.8888888888888888,7,0,2,0.03125,18,18,0,0,0,0.0,9.0,0.0,0.0,36
789,1.0,9,0,0,0.03125,18,18,0,0,0,0.0,9.0,0.0,0.0,36
790,1.0,9,0,0,0.03125,18,18,0,0,0,0.0,9.0,0.0,0.0,36
791,1.0,9,0,0,0.03125,18,18,0,0,0,0.0,9.0,0.0,0.0,36
792,1.0,9,0,0,0.03125,18,18,0,0,0,0.0,9.0,0.0,0.0,36
793,1.0,9,0,0,0.03125,18,18,0,0,0,0.0,9.0,0.0,0.0,36
794,1.0,9,0,0,0.03125,18,18,0,0,0,0.0,9.0,0.0,0.0,36
795,0.8888888888888888,8,0,1,0.03125,18,18,0,0,0,0.0,9.0,0.0,0.0,36
796,0.8888888888888888,8,0,1,0.03125,18,18,0,0,0,0.0,9.0,0.0,0.0,36
797,0.8888888888888888,8,0,1,0.03125,18,18,0,0,0,0.0,9.0,0.0,0.0,36
798,0.8888888888888888,8,0,1,0.03125,18,18,0,0,0,0.0,9.0,0.0,0.0,36
799,1.0,9,0,0,0.03125,18,18,0,0,0,0.0,9.0,0.0,0.0,36
800,1.0,9,0,0,0.03125,18,18,0,0,0,0.0,9.0,0.0,0.0,36
801,0.8888888888888888,8,0,1,0.03125,18,18,0,0,0,0.0,9.0,0.0,0.0,36
802,0.8888888888888888,8,0,1,0.03125,18,18,0,0,0,0.0,9.0,0.0,0.0,36
803,1.0,8,0,1,0.03125,18,18,0,0,0,0.0,9.0,0.0,0.0,36
804,0.8888888888888888,8,0,1,0.03125,18,18,0,0,0,0.0,9.0,0.0,0.0,36
805,1.0,9,0,0,0.03125,18,18,0,0,0,0.0,9.0,0.0,0.0,36
806,1.0,9,0,0,0.03125,18,18,0,0,0,0.0,9.0,0.0,0.0,36
807,1.0,9,0,0,0.03125,18,18,0,0,0,0.0,9.0,0.0,0.0,36
808,1.0,9,0,0,0.03125,18,18,0,0,0,0.0,9.0,0.0,0.0,36
809,0.8888888888888888,8,0,1,0.03125,18,18,0,0,0,0.0,9.0,0.0,0.0,36
810,0.7777777777777778,7,0,2,0.03125,18,18,0,0,0,0.0,9.0,0.0,0.0,36
811,0.8888888888888888,8,0,1,0.03125,18,18,0,0,0,0.0,9.0,0.0,0.0,36
812,1.0,9,0,0,0.03125,18,18,0,0,0,0.0,9.0,0.0,0.0,36
813,1.0,9,0,0,0.03125,18,18,0,0,0,0.0,9.0,0.0,0.0,36
814,1.0,9,0,0,0.03125,18,18,0,0,0,0.0,9.0,0.0,0.0,36
815,1.0,9,0,0,0.03125,18,18,0,0,0,0.0,9.0,0.0,0.0,36
816,1.0,9,0,0,0.03125,18,18,0,0,0,0.0,9.0,0.0,0.0,36
817,1.0,9,0,0,0.03125,18,18,0,0,0,0.0,9.0,0.0,0.0,36
818,0.8888888888888888,8,0,1,0.03125,18,18,0,0,0,0.0,9.0,0.0,0.0,36
819,1.0,9,0,0,0.03125,18,18,0,0,0,0.0,9.0,0.0,0.0,36
820,0.8888888888888888,8,0,1,0.03125,18,18,0,0,0,0.0,9.0,0.0,0.0,36
821,1.0,9,0,0,0.03125,18,18,0,0,0,0.0,9.0,0.0,0.0,36
822,0.8888888888888888,8,0,1,0.03125,18,18,0,0,0,0.0,9.0,0.0,0.0,36
823,0.8888888888888888,8,0,1,0.03125,18,18,0,0,0,0.0,9.0,0.0,0.0,36
824,0.8888888888888888,8,0,1,0.03125,18,18,0,0,0,0.0,9.0,0.0,0.0,36
825,1.0,9,0,0,0.03125,18,18,0,0,0,0.0,9.0,0.0,0.0,36
826,1.0,9,0,0,0.03125,18,18,0,0,0,0.0,9.0,0.0,0.0,36
827,1.0,9,0,0,0.03125,18,18,0,0,0,0.0,9.0,0.0,0.0,36
828,0.8888888888888888,8,0,1,0.03125,18,18,0,0,0,0.0,9.0,0.0,0.0,36
829,1.0,9,0,0,0.03125,18,18,0,0,0,0.0,9.0,0.0,0.0,36
830,1.0,9,0,0,0.03125,18,18,0,0,0,0.0,9.0,0.0,0.0,36
831,0.7777777777777778,7,0,2,0.03125,18,18,0,0,0,0.0,9.0,0.0,0.0,36
832,0.8888888888888888,8,0,1,0.03125,18,18,0,0,0,0.0,9.0,0.0,0.0,36
833,1.0,9,0,0,0.03125,18,18,0,0,0,0.0,9.0,0.0,0.0,36
834,0.8888888888888888,8,0,1,0.03125,18,18,0,0,0,0.0,9.0,0.0,0.0,36
835,1.0,9,0,0,0.03125,18,18,0,0,0,0.0,9.0,0.0,0.0,36
836,1.0,9,0,0,0.03125,18,18,0,0,0,0.0,9.0,0.0,0.0,36
837,0.8888888888888888,8,0,1,0.03125,18,18,0,0,0,0.0,9.0,0.0,0.0,36
838,1.0,9,0,0,0.03125,18,18,0,0,0,0.0,9.0,0.0,0.0,36
839,1.0,9,0,0,0.03125,18,18,0,0,0,0.0,9.0,0.0,0.0,36
840,0.8888888888888888,8,0,1,0.03125,18,18,0,0,0,0.0,9.0,0.0,0.0,36
841,1.0,9,0,0,0.03125,18,18,0,0,0,0.0,9.0,0.0,0.0,36
842,0.8888888888888888,8,0,1,0.03125,18,18,0,0,0,0.0,9.0,0.0,0.0,36
843,0.7777777777777778,7,0,2,0.03125,18,18,0,0,0,0.0,9.0,0.0,0.0,36
844,0.8888888888888888,8,0,1,0.03125,18,18,0,0,0,0.0,9.0,0.0,0.0,36
845,1.0,9,0,0,0.03125,18,18,0,0,0,0.0,9.0,0.0,0.0,36
846,1.0,9,0,0,0.03125,18,18,0,0,0,0.0,9.0,0.0,0.0,36
847,0.8888888888888888,8,0,1,0.03125,18,18,0,0,0,0.0,9.0,0.0,0.0,36
848,1.0,9,0,0,0.03125,18,18,0,0,0,0.0,9.0,0.0,0.0,36
849,1.0,9,0,0,0.03125,18,18,0,0,0,0.0,9.0,0.0,0.0,36
850,0.8888888888888888,8,0,1,0.03125,18,18,0,0,0,0.0,9.0,0.0,0.0,36
851,1.0,9,0,0,0.03125,18,18,0,0,0,0.0,9.0,0.0,0.0,36
852,0.8888888888888888,8,0,1,0.03125,18,18,0,0,0,0.0,9.0,0.0,0.0,36
853,1.0,9,0,0,0.03125,18,18,0,0,0,0.0,9.0,0.0,0.0,36
854,1.0,9,0,0,0.03125,18,18,0,0,0,0.0,9.0,0.0,0.0,36
855,1.0,9,0,0,0.03125,18,18,0,0,0,0.0,9.0,0.0,0.0,36
856,1.0,9,0,0,0.03125,18,18,0,0,0,0.0,9.0,0.0,0.0,36
857,0.8888888888888888,8,0,1,0.03125,18,18,0,0,0,0.0,9.0,0.0,0.0,36
858,1.0,9,0,0,0.03125,18,18,0,0,0,0.0,9.0,0.0,0.0,36
859,0.8888888888888888,8,0,1,0.03125,18,18,0,0,0,0.0,9.0,0.0,0.0,36
860,1.0,9,0,0,0.03125,18,18,0,0,0,0.0,9.0,0.0,0.0,36
861,0.7777777777777778,7,0,2,0.03125000000000001,18,18,0,0,0,0.0,9.000000000000002,0.0,0.0,36
862,0.8888888888888888,8,0,1,0.03125,18,18,0,0,0,0.0,9.0,0.0,0.0,36
863,0.8888888888888888,8,0,1,0.03125,18,18,0,0,0,0.0,9.0,0.0,0.0,36
864,0.8888888888888888,8,0,1,0.03125,18,18,0,0,0,0.0,9.0,0.0,0.0,36
865,1.0,9,0,0,0.03125,18,18,0,0,0,0.0,9.0,0.0,0.0,36
866,0.7777777777777778,7,0,2,0.03125,18,18,0,0,0,0.0,9.0,0.0,0.0,36
867,1.0,9,0,0,0.03125,18,18,0,0,0,0.0,9.0,0.0,0.0,36
868,1.0,9,0,0,0.03125,18,18,0,0,0,0.0,9.0,0.0,0.0,36
869,0.8888888888888888,7,0,2,0.03125,18,18,0,0,0,0.0,9.0,0.0,0.0,36
870,1.0,9,0,0,0.03125,18,18,0,0,0,0.0,9.0,0.0,0.0,36
871,1.0,9,0,0,0.03125,18,18,0,0,0,0.0,9.0,0.0,0.0,36
872,1.0,9,0,0,0.03125,18,18,0,0,0,0.0,9.0,0.0,0.0,36
873,1.0,9,0,0,0.03125,18,18,0,0,0,0.0,9.0,0.0,0.0,36
874,1.0,9,0,0,0.03125,18,18,0,0,0,0.0,9.0,0.0,0.0,36
875,1.0,9,0,0,0.03125,18,18,0,0,0,0.0,9.0,0.0,0.0,36
876,0.8888888888888888,8,0,1,0.03125,18,18,0,0,0,0.0,9.0,0.0,0.0,36
877,1.0,9,0,0,0.03125,18,18,0,0,0,0.0,9.0,0.0,0.0,36
878,1.0,9,0,0,0.03125,18,18,0,0,0,0.0,9.0,0.0,0.0,36
879,1.0,9,0,0,0.03125,18,18,0,0,0,0.0,9.0,0.0,0.0,36
880,0.8888888888888888,8,0,1,0.03125000000000003,18,18,0,0,0,0.0,9.000000000000007,0.0,0.0,36
881,1.0,9,0,0,0.03125,18,18,0,0,0,0.0,9.0,0.0,0.0,36
882,0.8888888888888888,8,0,1,0.03125,18,18,0,0,0,0.0,9.0,0.0,0.0,36
883,0.6666666666666666,6,0,3,0.03125,18,18,0,0,0,0.0,9.0,0.0,0.0,36
884,0.8888888888888888,8,0,1,0.03125,18,18,0,0,0,0.0,9.0,0.0,0.0,36
885,0.8888888888888888,8,0,1,0.03125,18,18,0,0,0,0.0,9.0,0.0,0.0,36
886,0.8888888888888888,8,0,1,0.03125,18,18,0,0,0,0.0,9.0,0.0,0.0,36
887,1.0,9,0,0,0.03125,18,18,0,0,0,0.0,9.0,0.0,0.0,36
888,0.8888888888888888,8,0,1,0.03125,18,18,0,0,0,0.0,9.0,0.0,0.0,36
889,1.0,9,0,0,0.03125,18,18,0,0,0,0.0,9.0,0.0,0.0,36
890,0.8888888888888888,8,0,1,0.03125,18,18,0,0,0,0.0,9.0,0.0,0.0,36
891,0.8888888888888888,8,0,1,0.03125,18,18,0,0,0,0.0,9.0,0.0,0.0,36
892,0.8888888888888888,8,0,1,0.03125,18,18,0,0,0,0.0,9.0,0.0,0.0,36
893,1.0,9,0,0,0.03125,18,18,0,0,0,0.0,9.0,0.0,0.0,36
894,0.8888888888888888,8,0,1,0.03125,18,18,0,0,0,0.0,9.0,0.0,0.0,36
895,1.0,9,0,0,0.03125,18,18,0,0,0,0.0,9.0,0.0,0.0,36
896,1.0,9,0,0,0.03125,18,18,0,0,0,0.0,9.0,0.0,0.0,36
897,1.0,8,0,1,0.03125,18,18,0,0,0,0.0,9.0,0.0,0.0,36
898,0.8888888888888888,8,0,1,0.03125,18,18,0,0,0,0.0,9.0,0.0,0.0,36
899,1.0,9,0,0,0.03125,18,18,0,0,0,0.0,9.0,0.0,0.0,36
900,1.0,9,0,0,0.03125,18,18,0,0,0,0.0,9.0,0.0,0.0,36
901,0.7777777777777778,7,0,2,0.03125,18,18,0,0,0,0.0,9.0,0.0,0.0,36
902,1.0,9,0,0,0.03125,18,18,0,0,0,0.0,9.0,0.0,0.0,36
903,1.0,9,0,0,0.03125,18,18,0,0,0,0.0,9.0,0.0,0.0,36
904,1.0,9,0,0,0.03125,18,18,0,0,0,0.0,9.0,0.0,0.0,36
905,0.8888888888888888,8,0,1,0.03125,18,18,0,0,0,0.0,9.0,0.0,0.0,36
906,1.0,8,0,1,0.03125,18,18,0,0,0,0.0,9.0,0.0,0.0,36
907,1.0,9,0,0,0.03125,18,18,0,0,0,0.0,9.0,0.0,0.0,36
908,1.0,9,0,0,0.03125,18,18,0,0,0,0.0,9.0,0.0,0.0,36
909,0.7777777777777778,7,0,2,0.03125,18,18,0,0,0,0.0,9.0,0.0,0.0,36
910,1.0,9,0,0,0.03125,18,18,0,0,0,0.0,9.0,0.0,0.0,36
911,1.0,9,0,0,0.03125,18,18,0,0,0,0.0,9.0,0.0,0.0,36
912,1.0,9,0,0,0.03125,18,18,0,0,0,0.0,9.0,0.0,0.0,36
913,1.0,9,0,0,0.03125,18,18,0,0,0,0.0,9.0,0.0,0.0,36
914,1.0,9,0,0,0.03125,18,18,0,0,0,0.0,9.0,0.0,0.0,36
915,0.8888888888888888,8,0,1,0.03125,18,18,0,0,0,0.0,9.0,0.0,0.0,36
916,1.0,9,0,0,0.03125,18,18,0,0,0,0.0,9.0,0.0,0.0,36
917,1.0,9,0,0,0.03125,18,18,0,0,0,0.0,9.0,0.0,0.0,36
918,1.0,8,0,1,0.03125,18,18,0,0,0,0.0,9.0,0.0,0.0,36
919,0.8888888888888888,7,0,2,0.03125,18,18,0,0,0,0.0,9.0,0.0,0.0,36
920,0.7777777777777778,7,0,2,0.03125,18,18,0,0,0,0.0,9.0,0.0,0.0,36
921,1.0,9,0,0,0.03125,18,18,0,0,0,0.0,9.0,0.0,0.0,36
922,1.0,9,0,0,0.03125,18,18,0,0,0,0.0,9.0,0.0,0.0,36
923,0.8888888888888888,7,0,2,0.03125,18,18,0,0,0,0.0,9.0,0.0,0.0,36
924,0.8888888888888888,8,0,1,0.03125,18,18,0,0,0,0.0,9.0,0.0,0.0,36
925,1.0,9,0,0,0.03125,18,18,0,0,0,0.0,9.0,0.0,0.0,36
926,1.0,9,0,0,0.03125,18,18,0,0,0,0.0,9.0,0.0,0.0,36
927,1.0,9,0,0,0.03125,18,18,0,0,0,0.0,9.0,0.0,0.0,36
928,1.0,9,0,0,0.03125,18,18,0,0,0,0.0,9.0,0.0,0.0,36
929,0.8888888888888888,8,0,1,0.03125,18,18,0,0,0,0.0,9.0,0.0,0.0,36
930,1.0,9,0,0,0.03125,18,18,0,0,0,0.0,9.0,0.0,0.0,36
931,1.0,9,0,0,0.03125,18,18,0,0,0,0.0,9.0,0.0,0.0,36
932,0.8888888888888888,8,0,2,0.03125,18,18,0,0,0,0.0,9.0,0.0,0.0,36
933,1.0,9,0,0,0.03125,18,18,0,0,0,0.0,9.0,0.0,0.0,36
934,1.0,9,0,0,0.03125,18,18,0,0,0,0.0,9.0,0.0,0.0,36
935,1.0,9,0,0,0.03125,18,18,0,0,0,0.0,9.0,0.0,0.0,36
936,0.8888888888888888,8,0,1,0.03125,18,18,0,0,0,0.0,9.0,0.0,0.0,36
937,0.8888888888888888,8,0,1,0.03125,18,18,0,0,0,0.0,9.0,0.0,0.0,36
938,0.8888888888888888,8,0,1,0.03125,18,18,0,0,0,0.0,9.0,0.0,0.0,36
939,1.0,9,0,0,0.03125,18,18,0,0,0,0.0,9.0,0.0,0.0,36
940,1.0,9,0,0,0.03125,18,18,0,0,0,0.0,9.0,0.0,0.0,36
941,0.8888888888888888,8,0,1,0.03125,18,18,0,0,0,0.0,9.0,0.0,0.0,36
942,1.0,9,0,0,0.03125,18,18,0,0,0,0.0,9.0,0.0,0.0,36
943,1.0,9,0,0,0.03125,18,18,0,0,0,0.0,9.0,0.0,0.0,36
944,0.8888888888888888,8,0,1,0.03125,18,18,0,0,0,0.0,9.0,0.0,0.0,36
945,0.8888888888888888,7,0,2,0.03125,18,18,0,0,0,0.0,9.0,0.0,0.0,36
946,1.0,8,0,1,0.03125,18,18,0,0,0,0.0,9.0,0.0,0.0,36
947,1.0,9,0,0,0.03125,18,18,0,0,0,0.0,9.0,0.0,0.0,36
948,1.0,9,0,0,0.03125,18,18,0,0,0,0.0,9.0,0.0,0.0,36
949,1.0,9,0,0,0.03125,18,18,0,0,0,0.0,9.0,0.0,0.0,36
950,1.0,9,0,0,0.03125,18,18,0,0,0,0.0,9.0,0.0,0.0,36
951,1.0,9,0,0,0.03125,18,18,0,0,0,0.0,9.0,0.0,0.0,36
952,1.0,9,0,0,0.03125,18,18,0,0,0,0.0,9.0,0.0,0.0,36
953,0.7777777777777778,7,0,2,0.03125,18,18,0,0,0,0.0,9.0,0.0,0.0,36
954,1.0,7,0,2,0.03125,18,18,0,0,0,0.0,9.0,0.0,0.0,36
955,1.0,9,0,0,0.03125,18,18,0,0,0,0.0,9.0,0.0,0.0,36
956,1.0,9,0,0,0.03125,18,18,0,0,0,0.0,9.0,0.0,0.0,36
957,1.0,9,0,0,0.03125,18,18,0,0,0,0.0,9.0,0.0,0.0,36
958,0.7777777777777778,7,0,2,0.03125,18,18,0,0,0,0.0,9.0,0.0,0.0,36
959,1.0,9,0,0,0.03125,18,18,0,0,0,0.0,9.0,0.0,0.0,36
960,1.0,9,0,0,0.03125,18,18,0,0,0,0.0,9.0,0.0,0.0,36
961,1.0,9,0,0,0.03125,18,18,0,0,0,0.0,9.0,0.0,0.0,36
962,0.8888888888888888,8,0,1,0.03125,18,18,0,0,0,0.0,9.0,0.0,0.0,36
963,1.0,9,0,0,0.03125,18,18,0,0,0,0.0,9.0,0.0,0.0,36
964,0.8888888888888888,8,0,1,0.03125,18,18,0,0,0,0.0,9.0,0.0,0.0,36
965,1.0,9,0,0,0.03125,18,18,0,0,0,0.0,9.0,0.0,0.0,36
966,1.0,9,0,0,0.03125,18,18,0,0,0,0.0,9.0,0.0,0.0,36
967,0.8888888888888888,8,0,1,0.03125,18,18,0,0,0,0.0,9.0,0.0,0.0,36
968,0.8888888888888888,8,0,1,0.03125,18,18,0,0,0,0.0,9.0,0.0,0.0,36
969,0.8888888888888888,8,0,1,0.03125,18,18,0,0,0,0.0,9.0,0.0,0.0,36
970,0.7777777777777778,7,0,2,0.03125,18,18,0,0,0,0.0,9.0,0.0,0.0,36
971,1.0,9,0,0,0.03125,18,18,0,0,0,0.0,9.0,0.0,0.0,36
972,0.7777777777777778,6,0,3,0.03125,18,18,0,0,0,0.0,9.0,0.0,0.0,36
973,0.7777777777777778,7,0,2,0.03125,18,18,0,0,0,0.0,9.0,0.0,0.0,36
974,1.0,9,0,0,0.03125,18,18,0,0,0,0.0,9.0,0.0,0.0,36
975,0.8888888888888888,8,0,1,0.03125,18,18,0,0,0,0.0,9.0,0.0,0.0,36
976,1.0,9,0,0,0.03125,18,18,0,0,0,0.0,9.0,0.0,0.0,36
977,1.0,9,0,0,0.03125,18,18,0,0,0,0.0,9.0,0.0,0.0,36
978,1.0,9,0,0,0.03125,18,18,0,0,0,0.0,9.0,0.0,0.0,36
979,0.7777777777777778,7,0,2,0.03125,18,18,0,0,0,0.0,9.0,0.0,0.0,36
980,1.0,8,0,1,0.03125,18,18,0,0,0,0.0,9.0,0.0,0.0,36
981,1.0,9,0,0,0.03125,18,18,0,0,0,0.0,9.0,0.0,0.0,36
982,1.0,8,0,1,0.03125,18,18,0,0,0,0.0,9.0,0.0,0.0,36
983,0.8888888888888888,8,0,1,0.03125,18,18,0,0,0,0.0,9.0,0.0,0.0,36
984,1.0,9,0,0,0.03125,18,18,0,0,0,0.0,9.0,0.0,0.0,36
985,1.0,9,0,0,0.03125,18,18,0,0,0,0.0,9.0,0.0,0.0,36
986,0.8888888888888888,8,0,1,0.03125,18,18,0,0,0,0.0,9.0,0.0,0.0,36
987,0.8888888888888888,8,0,1,0.03125,18,18,0,0,0,0.0,9.0,0.0,0.0,36
988,1.0,9,0,0,0.03125,18,18,0,0,0,0.0,9.0,0.0,0.0,36
989,0.8888888888888888,8,0,1,0.03125,18,18,0,0,0,0.0,9.0,0.0,0.0,36
990,1.0,9,0,0,0.03125,18,18,0,0,0,0.0,9.0,0.0,0.0,36
991,1.0,9,0,0,0.03125,18,18,0,0,0,0.0,9.0,0.0,0.0,36
992,1.0,9,0,0,0.03125,18,18,0,0,0,0.0,9.0,0.0,0.0,36
993,1.0,9,0,0,0.03125,18,18,0,0,0,0.0,9.0,0.0,0.0,36
994,1.0,9,0,0,0.03125,18,18,0,0,0,0.0,9.0,0.0,0.0,36
995,0.8888888888888888,8,0,1,0.03125,18,18,0,0,0,0.0,9.0,0.0,0.0,36
996,0.8888888888888888,8,0,1,0.03125,18,18,0,0,0,0.0,9.0,0.0,0.0,36
997,1.0,9,0,0,0.03125,18,18,0,0,0,0.0,9.0,0.0,0.0,36
998,0.8888888888888888,8,0,1,0.03125,18,18,0,0,0,0.0,9.0,0.0,0.0,36
999,1.0,9,0,0,0.03125,18,18,0,0,0,0.0,9.0,0.0,0.0,36
1000,0.8888888888888888,8,0,1,0.03125,18,18,0,0,0,0.0,9.0,0.0,0.0,36
